BLD_DESC_RV_MODEL,cluster,emb_x,emb_y,BLD_AGE_GRP,DEMO_EDUCATION,GENERATION_GRP,DEMO_GENDER1,BLD_HOBBY1_GRP,DEMO_INCOME,BLD_LIFESTAGE,DEMO_LOCATION,DEMO_MARITAL,DEMO_EMPLOY,ADMARK_STATE,BLD_CHILDREN,DEMO_EMPTY_NESTER
Mustang Mach-E,2,0.906537888,2.121479161,9,11,2,1,1,15,5,2,1,12,41,0,2
Mustang Mach-E,2,1.099006159,1.985281271,9,11,2,1,11,16,5,2,1,12,9,0,1
Mustang Mach-E,2,-0.110620944,0.043631695,6,11,1,1,NA,28,NA,NA,NA,NA,26,NA,NA
Bronco,2,2.721726504,1.484697854,6,11,1,2,3,29,1,2,1,11,9,2,2
Bronco,2,-3.325294012,-2.989785321,10,16,3,1,6,12,10,3,3,13,29,0,2
Bronco,2,1.840381487,-0.564051882,7,16,2,2,4,29,3,3,1,2,35,1,2
Bronco,2,0.506357123,-1.751887648,4,11,1,2,NA,12,NA,NA,NA,NA,10,NA,NA
Bronco,2,0.365979521,-2.19618851,11,16,4,1,NA,15,NA,NA,NA,NA,42,NA,NA
Bronco,2,-3.929739723,-3.538491284,8,11,2,2,NA,28,NA,NA,NA,NA,16,NA,NA
Mustang Mach-E,2,0.299741493,-0.778179158,12,16,4,1,NA,14,NA,NA,NA,NA,27,NA,NA
Bronco,2,1.47494451,-1.776326392,7,16,1,1,1,28,5,2,1,3,4,0,2
Mustang Mach-E,2,0.635413825,1.145671565,13,11,4,1,6,28,6,2,1,22,36,0,2
Bronco,2,1.39323279,-1.710703783,13,11,4,1,NA,29,NA,NA,NA,NA,27,NA,NA
Bronco,2,1.270678281,-1.164931019,10,13,2,2,1,16,6,4,1,11,18,0,1
Mustang Mach-E,1,-2.987053948,8.660660655,10,11,3,1,3,33,6,1,1,12,30,0,1
Mustang Mach-E,2,0.572482333,1.711457833,7,16,1,1,NA,28,NA,NA,NA,NA,26,NA,NA
Mustang Mach-E,2,0.134707966,1.149103328,4,11,1,1,4,16,1,2,1,11,48,1,2
Mustang Mach-E,2,-0.07029866,-0.099756955,8,16,2,1,9,28,2,2,1,14,31,2,2
Mustang Mach-E,2,0.77556275,1.967664857,6,13,1,1,6,14,2,2,1,11,12,2,2
Bronco,2,2.102528977,1.376238043,10,13,3,1,NA,14,NA,NA,NA,NA,34,NA,NA
Mustang Mach-E,2,0.472122946,0.686910456,10,11,3,2,NA,23,NA,NA,NA,NA,19,NA,NA
Mustang Mach-E,2,0.594675161,1.200720191,8,16,2,1,1,28,5,2,1,3,5,0,2
Bronco,2,-4.081912196,-3.58358621,11,16,4,1,7,32,6,1,1,22,27,0,1
Bronco,2,2.072709259,-0.145611816,10,16,3,2,1,23,6,3,1,10,6,0,1
Bronco,2,-3.228172434,-3.342590978,6,16,1,1,2,15,4,1,1,5,16,0,2
Mustang Mach-E,1,-2.59321533,9.029582897,12,16,4,1,6,14,6,3,1,22,5,0,1
Mustang Mach-E,2,1.262368408,2.112317229,4,13,1,1,1,14,4,3,1,14,41,0,1
Mustang Mach-E,2,0.213508009,1.305024391,8,16,2,1,11,28,3,3,1,2,13,2,2
Bronco,2,2.439494311,1.399152006,10,15,3,1,NA,14,NA,NA,NA,NA,5,NA,NA
Bronco,2,-4.063776783,-3.365151326,12,15,4,2,4,11,6,3,1,22,9,0,1
Bronco,2,2.784890301,0.546115354,11,15,4,1,NA,12,NA,NA,NA,NA,32,NA,NA
Bronco,2,1.997651216,-0.643969949,9,14,2,1,NA,20,NA,NA,NA,NA,5,NA,NA
Bronco,2,1.926905275,1.132042457,10,13,3,1,NA,14,NA,NA,NA,NA,12,NA,NA
Mustang Mach-E,2,0.781670663,1.471754662,6,11,1,1,NA,16,NA,NA,NA,NA,34,NA,NA
Mustang Mach-E,2,0.903674504,1.819106663,10,11,3,1,NA,16,NA,NA,NA,NA,4,NA,NA
Mustang Mach-E,2,0.169092438,-0.295971996,6,11,1,1,NA,29,NA,NA,NA,NA,46,NA,NA
Mustang Mach-E,2,-0.209299762,0.272229358,7,11,1,1,1,16,3,2,1,10,15,2,2
Bronco,2,2.12366125,0.90539852,12,11,4,2,7,20,6,3,1,22,32,0,1
Bronco,2,-4.085547544,-3.506150747,11,12,3,1,1,29,6,1,1,23,16,0,1
Bronco,2,-4.325340307,-2.903450157,7,16,2,1,1,14,2,3,1,3,34,1,2
Mustang Mach-E,2,0.641078803,1.722100444,8,11,2,1,4,13,5,2,1,3,21,0,2
Bronco,2,1.456711723,-0.102574671,5,16,1,1,6,16,2,3,1,1,32,2,2
Bronco,2,2.029686131,-0.648965887,8,11,2,1,8,15,5,2,1,3,9,0,2
Mustang Mach-E,2,0.248371212,0.407113035,9,16,2,1,1,16,5,4,1,14,14,0,2
Mustang Mach-E,2,0.355655431,0.525038437,6,16,1,1,NA,15,NA,NA,NA,NA,21,NA,NA
Bronco,2,1.921800855,-0.847928236,10,14,3,1,11,12,6,2,1,23,37,0,1
Mustang Mach-E,2,-0.058705808,0.279218588,9,16,2,1,6,30,5,2,1,14,42,0,2
Mustang Mach-E,2,-3.160659511,-2.491881176,8,11,2,2,3,16,10,2,3,12,21,0,2
Bronco,2,1.787952823,1.106063814,12,13,4,2,7,27,10,3,3,22,36,0,1
Bronco,2,1.020411134,-2.20724193,9,15,2,2,NA,16,NA,NA,NA,NA,17,NA,NA
Bronco,2,1.069981469,-2.049632891,10,16,3,1,11,12,6,3,1,17,41,0,2
Mustang Mach-E,2,-3.416904772,-2.533970777,12,16,4,1,NA,13,NA,NA,NA,NA,4,NA,NA
Bronco,2,0.988399586,0.307064769,9,12,2,1,NA,20,NA,NA,NA,NA,32,NA,NA
Mustang Mach-E,2,0.936546162,1.732839464,6,16,1,1,NA,23,NA,NA,NA,NA,34,NA,NA
Bronco,2,1.207364119,-2.018667824,11,16,4,1,NA,32,NA,NA,NA,NA,37,NA,NA
Mustang Mach-E,2,1.369710636,2.118655731,7,15,1,2,4,14,2,1,1,12,26,1,2
Bronco,2,1.866110689,1.244468295,7,13,1,2,11,10,5,2,1,4,31,0,1
Bronco,2,-3.810720879,-3.522348348,11,15,4,1,NA,28,NA,NA,NA,NA,4,NA,NA
Mustang Mach-E,2,1.872227108,2.052090987,3,13,6,1,3,27,7,2,3,23,4,1,2
Bronco,2,1.498137947,-1.010239092,10,16,3,1,5,28,6,3,1,22,5,0,1
Mustang Mach-E,2,0.528233194,0.454817509,9,16,2,2,6,16,5,1,1,22,4,0,1
Mustang Mach-E,2,1.122458545,2.094327388,13,13,4,1,NA,20,NA,NA,NA,NA,9,NA,NA
Bronco,2,2.551483852,0.342973247,8,12,2,1,4,27,7,3,4,17,4,1,2
Mustang Mach-E,2,0.21272724,0.520370379,5,11,1,1,1,15,9,2,2,11,8,0,2
Mustang Mach-E,2,0.202061679,-0.819606691,9,11,2,2,4,15,5,2,1,12,12,0,2
Mustang Mach-E,2,0.862185413,-1.480349158,7,11,2,1,3,20,2,2,1,12,4,3,2
Mustang Mach-E,1,-2.29734793,9.188452828,7,13,1,1,NA,15,2,3,1,10,44,2,2
Mustang Mach-E,2,0.576369776,1.212728601,12,16,4,1,1,15,10,2,3,22,36,0,1
Bronco,2,1.479472385,-1.415942908,7,16,2,1,1,15,5,2,1,3,42,0,1
Bronco,2,1.454102368,-1.583199171,10,16,2,1,11,28,10,3,4,9,8,0,1
Bronco,2,1.724263563,0.49855049,10,16,2,1,7,30,6,2,1,22,1,0,2
Mustang Mach-E,2,0.42033414,-1.765205976,6,16,1,1,NA,31,NA,NA,NA,NA,12,NA,NA
Bronco,2,2.109106098,0.80367456,10,16,3,1,3,20,6,1,1,3,34,0,1
Mustang Mach-E,2,0.531193815,0.788103875,9,14,2,1,3,16,5,3,1,13,6,0,1
Bronco,2,2.399116058,1.012729004,11,16,4,1,1,28,10,3,3,22,25,0,2
Mustang Mach-E,2,-3.689285262,-1.443459402,6,16,1,2,NA,13,NA,NA,NA,NA,12,NA,NA
Bronco,2,0.964903185,-0.939894233,11,15,4,2,6,12,6,4,1,22,21,0,1
Mustang Mach-E,1,-2.369141511,9.002395877,5,13,1,1,4,14,4,3,1,23,43,0,1
Mustang Mach-E,2,0.866508948,2.236846878,11,16,3,2,3,20,6,2,1,22,4,0,1
Mustang Mach-E,2,-3.283528549,-2.55007867,7,11,2,1,2,10,5,2,1,4,42,0,2
Mustang Mach-E,2,0.976758982,0.99552382,12,11,4,2,NA,20,NA,NA,NA,NA,34,NA,NA
Mustang Mach-E,2,0.025403633,-0.33403171,13,16,5,1,3,12,6,2,1,22,21,0,1
Mustang Mach-E,2,1.011156453,1.767123483,10,11,3,2,NA,13,NA,NA,NA,NA,4,NA,NA
Mustang Mach-E,2,0.946713914,1.565998952,3,16,6,1,2,13,1,3,1,8,2,2,2
Mustang Mach-E,2,-0.031288325,-0.722491708,10,16,3,1,2,29,6,2,1,2,37,0,1
Bronco,2,1.611306597,-1.431762285,12,11,4,1,1,16,6,3,1,11,34,0,1
Mustang Mach-E,2,1.929809579,1.50211856,9,11,2,2,NA,20,NA,NA,NA,NA,4,NA,NA
Mustang Mach-E,2,1.120653242,2.164955918,6,16,1,1,1,13,3,3,1,1,23,1,2
Bronco,2,1.699358287,0.310887062,11,13,4,1,7,10,10,3,3,22,9,0,1
Mustang Mach-E,2,-3.640067162,-1.532636333,3,12,6,2,NA,20,NA,NA,NA,NA,27,NA,NA
Mustang Mach-E,2,0.773464717,0.817742085,6,11,1,1,NA,33,NA,NA,NA,NA,28,NA,NA
Mustang Mach-E,2,0.069940439,0.189380825,8,11,2,1,NA,31,NA,NA,NA,NA,4,NA,NA
Bronco,1,-2.817626123,8.767654962,10,15,2,2,NA,15,NA,NA,NA,NA,8,NA,NA
Bronco,1,-2.782869488,9.222615384,6,11,1,1,1,14,4,2,1,3,39,0,2
Mustang Mach-E,2,1.005283866,1.146316466,NA,16,NA,2,NA,20,NA,NA,NA,NA,9,NA,NA
Bronco,2,1.76263092,0.798058944,9,15,2,1,NA,20,NA,NA,NA,NA,4,NA,NA
Mustang Mach-E,2,0.571220375,0.517763572,12,16,4,1,2,23,6,2,1,2,24,0,1
Bronco,2,1.006511224,-0.697461865,9,13,2,1,1,15,3,1,1,3,30,1,2
Bronco,2,1.953631934,-0.857945116,9,11,2,2,NA,28,NA,NA,NA,NA,21,NA,NA
Mustang Mach-E,2,0.996070105,1.487709388,7,11,1,2,1,14,5,3,1,10,16,0,1
Mustang Mach-E,1,-2.973738522,8.710165312,11,16,4,1,NA,26,10,2,3,17,46,0,1
Bronco,2,1.869095501,-0.772040021,13,16,4,1,7,16,6,3,1,22,49,0,2
Mustang Mach-E,2,0.961045915,-1.466009126,12,15,4,2,1,14,6,2,1,22,34,0,1
Mustang Mach-E,2,1.229830388,1.47650814,6,13,1,1,NA,27,9,2,2,9,42,0,2
Mustang Mach-E,2,0.249276852,1.552211601,10,14,3,1,1,14,6,2,1,22,22,0,2
Bronco,2,1.633996145,-1.118066399,12,15,4,1,6,11,6,3,1,22,21,0,1
Bronco,2,0.433232765,-2.194181653,13,13,4,1,NA,15,NA,NA,NA,NA,28,NA,NA
Bronco,2,0.504230195,-0.05153573,3,16,6,2,2,15,8,2,2,3,16,0,2
Bronco,2,1.832211195,-0.622434985,8,16,2,2,NA,NA,NA,NA,NA,NA,4,NA,NA
Bronco,2,-3.945604336,-3.658755392,11,14,4,1,NA,14,NA,NA,NA,NA,29,NA,NA
Mustang Mach-E,2,0.925205011,1.415601178,6,11,1,2,11,16,4,4,1,10,19,0,2
Bronco,2,-4.506344172,-3.562693624,10,16,3,1,2,14,3,3,1,5,15,1,2
Mustang Mach-E,2,0.502975332,1.70927394,9,15,2,1,11,13,10,2,3,9,36,0,2
Bronco,2,1.824410778,-1.185699821,11,15,4,1,2,20,6,2,1,22,48,0,2
Mustang Mach-E,2,-3.329769193,-2.479926321,6,11,1,1,7,30,9,3,4,2,31,0,2
Bronco,2,0.773103172,-1.39412921,11,13,4,1,7,27,6,2,1,22,17,0,1
Mustang Mach-E,1,-2.956624434,8.671811231,7,13,2,2,NA,10,NA,NA,NA,NA,20,NA,NA
Mustang Mach-E,1,-2.951981823,8.649811563,5,16,1,2,NA,12,NA,NA,NA,NA,5,NA,NA
Mustang Mach-E,2,-4.250325679,-2.702551228,12,14,4,1,NA,14,NA,NA,NA,NA,16,NA,NA
Bronco,1,-2.566180443,9.007957201,9,15,2,1,NA,13,NA,NA,NA,NA,22,NA,NA
Mustang Mach-E,2,-3.838360336,-2.599582168,7,11,1,1,1,16,5,2,1,11,19,0,2
Bronco,2,-3.313701549,-2.80101181,8,11,2,2,2,16,3,3,1,5,10,2,2
Mustang Mach-E,2,0.197259891,-0.074063937,10,14,3,2,NA,10,NA,NA,NA,NA,4,NA,NA
Bronco,1,-2.715881022,9.320300351,9,15,2,1,11,10,10,2,3,23,29,0,1
Mustang Mach-E,2,0.456768744,0.600933476,9,13,2,1,1,16,5,2,1,9,21,0,1
Mustang Mach-E,2,-0.092173955,0.335035086,7,11,1,1,NA,16,NA,NA,NA,NA,13,NA,NA
Bronco,2,1.160891204,-1.401914976,7,16,2,1,NA,28,NA,NA,NA,NA,12,NA,NA
Mustang Mach-E,1,-3.046145541,8.695889397,9,11,2,2,3,13,10,2,3,13,4,0,1
Mustang Mach-E,2,0.832360465,2.196377658,12,11,4,2,7,13,6,2,1,5,5,0,1
Bronco,2,-3.248268104,-3.202804123,7,16,2,1,3,20,10,2,3,5,21,0,2
Bronco,2,1.649235783,-0.73991954,NA,NA,NA,NA,11,NA,1,2,1,14,8,4,2
Mustang Mach-E,2,-3.011437192,-2.455289319,2,13,6,1,5,27,8,4,2,23,4,0,2
Mustang Mach-E,2,0.977751596,2.293053212,12,11,4,2,11,13,6,4,1,10,21,0,1
Mustang Mach-E,1,-2.215044167,9.182165246,11,16,4,1,4,28,6,2,1,5,21,0,1
Mustang Mach-E,2,0.782305069,1.067131702,11,16,4,2,NA,14,NA,NA,NA,NA,4,NA,NA
Bronco,2,1.508294511,-1.527918728,11,14,4,1,1,14,6,4,1,14,13,0,1
Bronco,2,1.284957022,-1.106478802,7,15,2,1,1,14,5,2,1,18,21,0,2
Bronco,2,1.68698091,-1.200187647,11,16,4,1,3,13,6,2,1,11,21,0,1
Bronco,2,2.122328328,1.199100158,11,13,3,1,6,16,6,3,1,22,17,0,1
Bronco,1,-2.502696118,9.289794952,8,13,2,2,9,13,10,3,3,9,46,0,1
Mustang Mach-E,2,-0.125290374,-0.181749959,10,16,3,1,1,13,6,3,1,22,42,0,1
Mustang Mach-E,2,2.303361072,1.56879369,10,15,2,2,NA,16,NA,NA,NA,NA,4,NA,NA
Bronco,2,1.709489567,0.999947877,11,13,3,2,NA,20,NA,NA,NA,NA,9,NA,NA
Bronco,2,2.423768929,0.197448612,7,16,2,1,4,23,3,2,1,2,29,1,2
Mustang Mach-E,2,-3.700922691,-2.791179694,13,11,5,1,6,28,6,2,1,22,9,0,1
Bronco,2,2.094575244,-0.662183898,12,13,4,1,NA,11,NA,NA,NA,NA,9,NA,NA
Mustang Mach-E,2,-3.205331414,-2.498482271,7,11,1,1,NA,15,5,3,1,1,45,0,2
Bronco,2,0.58050378,-1.940274121,4,16,6,2,1,11,4,3,1,5,34,0,1
Bronco,2,1.665580265,-1.122235504,13,15,4,1,9,11,10,2,3,22,21,0,1
Bronco,2,2.802365543,1.370545504,10,16,3,2,6,15,6,3,1,3,42,0,1
Mustang Mach-E,2,1.019374178,1.192111884,8,14,2,2,2,27,10,2,2,6,42,0,1
Bronco,2,-3.058248726,-3.129095216,5,13,1,2,1,10,9,4,2,4,37,0,2
Mustang Mach-E,2,0.370454064,0.205776961,3,16,6,1,NA,10,NA,NA,NA,NA,39,NA,NA
Mustang Mach-E,2,0.958700189,2.24942976,9,15,2,2,NA,20,NA,NA,NA,NA,29,NA,NA
Bronco,2,-3.421436326,-3.427188257,9,11,2,1,1,28,3,3,1,3,20,2,2
Bronco,2,-4.111981874,-3.271710587,9,13,2,2,1,20,5,3,1,22,36,0,2
Mustang Mach-E,2,-0.108934047,0.743852117,8,11,2,1,NA,29,NA,NA,NA,NA,45,NA,NA
Mustang Mach-E,2,0.918752361,2.089979782,8,11,2,1,9,28,5,2,1,10,31,0,2
Mustang Mach-E,2,-0.051797298,0.944117925,8,16,2,1,1,28,2,3,1,3,9,2,2
Bronco,2,-3.660189152,-3.469667087,11,16,3,1,NA,16,6,2,1,22,21,0,1
Mustang Mach-E,2,0.259527202,-0.139745405,10,11,2,1,NA,14,NA,NA,NA,NA,4,NA,NA
Mustang Mach-E,1,-2.256790006,9.375368603,12,15,4,1,9,20,6,2,1,22,37,0,1
Mustang Mach-E,2,-0.032042462,-0.807021545,5,16,1,2,1,23,4,2,1,11,39,0,2
Mustang Mach-E,2,1.061309205,1.685596202,8,16,2,2,NA,31,NA,NA,NA,NA,6,NA,NA
Mustang Mach-E,2,1.024286923,2.247821086,11,16,3,2,3,13,6,2,1,12,4,0,1
Mustang Mach-E,2,1.003630628,1.794849169,5,11,1,2,7,30,2,2,1,12,24,2,2
Mustang Mach-E,2,0.569621958,-0.554483588,7,11,1,1,6,29,10,3,2,11,4,0,2
Bronco,2,-2.911746551,-3.556928541,3,13,6,1,3,27,8,2,2,17,42,0,2
Wrangler,2,0.709403442,-1.712731711,7,13,1,1,7,20,2,3,1,5,28,2,2
Wrangler,2,2.383272274,1.296909113,9,15,2,2,NA,28,NA,NA,NA,NA,47,NA,NA
Wrangler,2,2.153917243,1.277586102,8,13,2,1,2,20,5,3,1,23,16,0,1
Wrangler,2,1.049086542,-1.260086854,10,12,3,2,NA,25,NA,NA,NA,NA,6,NA,NA
Wrangler,2,2.288093902,1.389436942,9,15,2,2,NA,20,NA,NA,NA,NA,16,NA,NA
Wrangler,2,-4.041869234,-3.234667432,8,11,2,1,NA,23,NA,NA,NA,NA,4,NA,NA
Wrangler,2,2.611746436,-0.392499031,10,13,3,2,NA,11,NA,NA,NA,NA,9,NA,NA
Wrangler,2,-3.672874941,-3.111711569,3,13,6,2,9,26,7,2,2,15,46,1,2
Wrangler,2,1.458497821,-1.372563136,NA,13,NA,NA,NA,20,NA,NA,NA,NA,17,NA,NA
Wrangler,2,2.431369785,1.298411186,8,16,2,2,NA,28,NA,NA,NA,NA,24,NA,NA
Wrangler,2,2.123376989,0.925305547,7,13,2,2,7,10,5,3,1,3,25,0,1
Wrangler,1,-2.818859456,9.153353725,13,16,4,1,3,25,10,3,3,22,24,0,1
Wrangler,2,0.540459615,-1.639388325,6,16,1,2,NA,28,NA,NA,NA,NA,10,NA,NA
Wrangler,2,1.33808076,-1.67610625,NA,11,NA,1,NA,14,NA,NA,NA,NA,17,NA,NA
Wrangler,2,1.29271599,-0.656877942,10,16,3,1,NA,28,NA,NA,NA,NA,2,NA,NA
Wrangler,2,2.165162737,-0.598132199,6,16,1,2,1,32,1,2,1,20,41,4,2
Wrangler,2,1.705335523,-1.33471009,5,11,1,1,6,20,4,2,1,23,9,0,2
Wrangler,2,1.210824834,-2.031805933,10,14,3,1,NA,16,NA,NA,NA,NA,48,NA,NA
Wrangler,2,2.394396354,1.364607621,7,13,2,1,NA,24,NA,NA,NA,NA,39,NA,NA
Wrangler,2,1.769660075,-1.225284484,8,13,2,2,1,16,5,2,1,22,9,0,2
Wrangler,2,0.506316443,-1.904723977,8,16,2,2,NA,10,NA,NA,NA,NA,29,NA,NA
Wrangler,2,0.56978644,-2.243299458,12,16,4,2,NA,29,NA,NA,NA,NA,6,NA,NA
Wrangler,2,1.691631688,0.302531387,6,11,1,2,NA,13,NA,NA,NA,NA,42,NA,NA
Wrangler,2,1.75207592,0.477191276,7,11,1,1,7,20,10,3,4,23,9,0,2
Wrangler,2,1.721700378,-0.36808979,12,13,4,1,NA,20,NA,NA,NA,NA,28,NA,NA
Wrangler,2,1.90240783,-1.268014466,9,1,2,1,NA,13,NA,NA,NA,NA,41,NA,NA
Wrangler,2,1.232333845,-1.754483892,8,11,2,2,NA,11,NA,NA,NA,NA,42,NA,NA
Wrangler,2,2.310207481,1.444813631,9,13,2,1,NA,10,NA,NA,NA,NA,32,NA,NA
Wrangler,2,1.789977682,-1.0755648,6,11,1,1,1,14,9,1,4,5,4,0,2
Wrangler,2,1.288718061,-1.45852323,11,11,3,1,NA,31,NA,NA,NA,NA,9,NA,NA
Wrangler,2,0.783570629,-1.616160168,10,13,3,2,NA,20,NA,NA,NA,NA,41,NA,NA
Wrangler,2,2.049499361,0.792259272,10,14,3,2,7,13,10,1,4,11,27,0,1
Wrangler,1,-2.90969423,9.11187977,12,15,4,1,NA,12,NA,NA,NA,NA,5,NA,NA
Wrangler,2,0.732629948,-1.405939347,6,13,1,1,11,13,4,4,1,13,13,0,2
Wrangler,2,2.272856027,1.420438901,13,15,4,1,NA,12,NA,NA,NA,NA,13,NA,NA
Wrangler,2,0.558559518,-2.364765317,11,16,4,1,NA,28,NA,NA,NA,NA,24,NA,NA
Wrangler,1,-2.965388129,9.107624175,11,16,4,1,7,14,10,2,3,22,30,0,1
Wrangler,2,1.828484082,-1.201421885,9,11,2,1,1,20,5,3,1,1,39,0,1
Wrangler,2,0.912535582,-1.289234146,10,13,3,1,NA,16,NA,NA,NA,NA,48,NA,NA
Wrangler,2,2.389022721,1.472040795,8,NA,2,1,NA,15,NA,NA,NA,NA,23,NA,NA
Wrangler,2,1.925821101,0.442379696,NA,NA,NA,NA,NA,NA,NA,NA,NA,NA,37,NA,NA
Wrangler,2,1.704617386,-1.665486748,10,13,3,1,NA,14,NA,NA,NA,NA,42,NA,NA
Wrangler,2,-4.050512197,-3.302467311,11,16,4,1,NA,23,NA,NA,NA,NA,10,NA,NA
Wrangler,2,2.096733484,0.833139096,NA,NA,NA,NA,11,NA,NA,2,4,4,18,0,2
Wrangler,2,-3.382904357,-3.797466769,7,13,1,1,7,20,5,2,1,7,29,0,2
Wrangler,2,-3.707131006,-3.388774719,10,12,2,1,8,28,6,3,1,22,32,0,1
Wrangler,2,0.448748747,-2.195101256,7,13,1,1,NA,28,NA,NA,NA,NA,48,NA,NA
Wrangler,2,1.540847397,0.363187427,10,14,2,1,4,27,10,2,4,23,2,0,1
Wrangler,2,1.231076043,-1.760468631,8,11,2,1,NA,23,NA,NA,NA,NA,4,NA,NA
Wrangler,2,1.001844069,-1.604244722,7,11,2,2,NA,15,NA,NA,NA,NA,48,NA,NA
Wrangler,2,0.508626467,-1.863633062,11,13,4,1,NA,12,NA,NA,NA,NA,39,NA,NA
Wrangler,2,-3.947957693,-3.427552984,7,11,2,1,NA,33,5,1,1,11,5,0,2
Wrangler,2,-2.655330835,-3.595029034,13,15,5,1,1,14,6,3,1,22,1,0,1
Wrangler,2,1.207802444,-1.111620896,10,11,3,1,NA,30,NA,NA,NA,NA,22,NA,NA
Wrangler,2,0.615465353,2.322332416,7,16,2,1,NA,16,5,2,1,2,32,0,2
Wrangler,2,-4.433508709,-3.527143923,11,16,4,1,3,13,10,3,3,22,32,0,1
Wrangler,2,0.298391834,-2.486903594,9,13,2,1,NA,10,NA,NA,NA,NA,13,NA,NA
Wrangler,2,-3.681229412,-3.499221066,7,11,2,2,11,32,5,2,1,10,4,0,2
Wrangler,2,2.07215647,0.821236471,10,16,3,2,11,16,6,2,1,10,17,0,2
Wrangler,2,-2.723775007,-3.49183963,11,16,4,1,4,12,10,2,3,22,2,0,1
Wrangler,2,2.108654461,-0.38596851,12,16,4,1,1,20,6,2,1,22,42,0,1
Wrangler,2,0.624600143,-1.416418316,6,16,1,2,NA,11,NA,NA,NA,NA,32,NA,NA
Wrangler,2,-3.985105461,-3.324264509,7,16,2,2,1,14,5,3,1,5,4,0,2
Wrangler,2,1.439961844,-1.045714347,11,12,4,1,NA,13,NA,NA,NA,NA,37,NA,NA
Wrangler,2,0.802983499,-2.465775647,9,16,2,1,4,13,5,1,1,7,34,0,2
Wrangler,2,1.072828681,-1.92056969,9,16,2,1,8,29,5,3,1,14,37,0,2
Wrangler,2,0.497438745,-1.8040612,11,13,4,2,NA,20,NA,NA,NA,NA,19,NA,NA
Wrangler,2,-4.281599018,-3.533725025,12,15,4,1,NA,13,NA,NA,NA,NA,39,NA,NA
Wrangler,1,-2.743434077,9.297892368,11,13,4,2,NA,20,NA,NA,NA,NA,18,NA,NA
Wrangler,2,2.314011584,1.017017185,13,16,4,1,NA,10,10,3,3,22,32,0,1
Wrangler,2,-3.66334127,-3.368530513,12,16,4,2,7,20,6,2,1,22,46,0,1
Wrangler,2,-3.648838284,-3.521292575,8,11,2,1,7,28,5,4,1,3,36,0,1
Wrangler,2,2.340441461,1.595220866,7,13,2,1,NA,28,NA,NA,NA,NA,12,NA,NA
Wrangler,2,1.563581801,0.369550838,13,11,4,1,1,20,10,2,3,22,45,0,1
Wrangler,1,-2.749497114,9.26841182,NA,11,NA,1,3,16,NA,3,2,4,14,NA,2
Wrangler,2,1.256107289,0.374175418,6,13,1,2,3,25,9,4,3,5,16,0,2
Wrangler,1,-2.855311885,9.068183105,8,13,2,1,NA,14,5,2,1,3,27,0,2
Wrangler,2,0.543261825,-1.935366095,13,13,4,1,NA,26,7,3,3,22,34,5,2
Wrangler,2,-4.064485849,-3.575107739,11,13,3,1,NA,20,NA,NA,NA,NA,37,NA,NA
Wrangler,2,-2.899482473,-3.524191592,11,12,4,2,NA,30,NA,NA,NA,NA,20,NA,NA
Wrangler,2,-3.168463578,-3.576416516,9,13,2,1,NA,16,NA,NA,NA,NA,9,NA,NA
Wrangler,2,-3.083196165,-3.072745604,9,13,2,1,3,16,10,1,3,22,37,0,2
Wrangler,2,2.293257125,1.561479522,6,13,1,2,NA,27,NA,NA,NA,NA,41,NA,NA
Wrangler,2,-4.227792562,-3.581664409,11,15,4,1,2,30,6,4,1,22,34,0,1
Wrangler,2,-3.962853632,-3.568005173,3,13,6,2,NA,16,NA,NA,NA,NA,4,NA,NA
Wrangler,2,0.976990357,0.047812934,10,16,3,1,1,14,6,2,1,22,24,0,1
Wrangler,2,2.333207277,1.231600661,12,12,4,1,7,20,6,3,1,22,20,0,1
Wrangler,2,0.656931605,-1.93256077,6,15,1,1,3,20,1,2,1,14,39,3,2
Wrangler,2,-3.801630978,-3.504984555,10,15,3,1,9,NA,6,3,1,22,2,0,1
Wrangler,2,0.491713066,-2.108598627,13,11,4,1,1,33,1,2,1,22,9,4,2
Wrangler,2,-4.010879869,-3.655617562,10,14,2,1,7,14,6,4,1,9,9,0,2
Wrangler,2,0.425910648,-2.161320781,8,13,2,1,NA,12,10,2,3,7,12,0,1
Wrangler,1,-2.579815522,8.87070397,8,11,2,2,NA,10,7,1,3,23,21,1,2
Wrangler,2,0.510544765,-2.615808814,12,13,4,1,11,14,6,3,1,3,13,0,1
Wrangler,2,2.114899014,1.652530345,12,11,4,2,7,12,10,2,2,10,20,0,1
Wrangler,2,0.834516305,-1.614341311,9,11,2,1,6,32,5,2,1,3,4,0,2
Wrangler,2,1.941119047,0.762930186,8,14,2,2,NA,20,NA,NA,NA,NA,41,NA,NA
Wrangler,2,0.902295927,0.363826115,6,13,1,2,NA,16,NA,NA,NA,NA,34,NA,NA
Wrangler,2,2.167147815,1.477077389,7,16,1,1,1,26,10,3,2,3,23,0,1
Wrangler,2,1.757634275,0.533444192,10,12,3,1,NA,28,NA,NA,NA,NA,34,NA,NA
Wrangler,2,-3.969287825,-3.541618881,13,13,4,1,NA,16,NA,NA,NA,NA,32,NA,NA
Wrangler,2,2.312230953,1.678907477,5,16,1,1,2,14,1,1,1,5,9,2,2
Wrangler,2,1.247287316,-0.475434116,11,14,3,1,NA,26,NA,NA,NA,NA,31,NA,NA
Wrangler,2,0.926328476,-2.2193164,10,16,3,1,NA,27,NA,NA,NA,NA,3,NA,NA
Wrangler,2,1.008752545,-0.566360154,10,11,3,1,11,30,6,2,1,3,5,0,1
Wrangler,2,-2.994925905,-3.430516593,9,11,2,2,4,30,5,2,1,5,32,0,2
Land Cruiser Hybrid,2,0.70053666,-2.150080267,7,11,2,1,3,23,2,3,1,12,19,1,2
Land Cruiser Hybrid,2,1.024513851,-2.619654818,10,16,3,1,2,15,6,2,1,8,12,0,2
GX550,2,2.542806013,-1.10763736,10,16,2,2,1,32,6,2,1,22,42,0,1
Land Cruiser Hybrid,2,0.756632811,-2.638386577,7,16,2,1,NA,20,NA,NA,NA,NA,4,NA,NA
Land Cruiser Hybrid,2,-4.303819681,-3.033392073,7,15,1,2,NA,23,NA,NA,NA,NA,37,NA,NA
GX550,2,-3.325729902,-3.280149297,5,15,1,1,1,28,1,2,1,3,4,2,2
4Runner,2,-4.122896402,-3.714495697,11,16,4,1,6,13,6,4,1,22,21,0,2
GX550,2,2.958273195,1.052924719,13,12,4,2,NA,NA,6,NA,1,NA,17,0,2
Land Cruiser Hybrid,2,1.115340679,-2.595742048,9,14,2,2,NA,16,NA,NA,NA,NA,20,NA,NA
4Runner,2,1.264996376,-1.567874306,7,14,1,1,7,13,2,3,1,3,21,3,2
GX550,2,2.595914117,-1.852489216,8,15,2,2,NA,23,NA,NA,NA,NA,41,NA,NA
GX550,2,3.237404743,0.825719675,13,11,5,1,NA,20,NA,NA,NA,NA,4,NA,NA
Land Cruiser Hybrid,2,0.853326742,-2.703584051,5,11,1,1,NA,32,NA,NA,NA,NA,42,NA,NA
Land Cruiser Hybrid,1,-2.820889892,9.037400665,5,13,1,1,1,15,1,2,1,11,4,1,2
4Runner,2,2.435034857,0.959301349,13,13,4,2,NA,27,NA,NA,NA,NA,41,NA,NA
Land Cruiser Hybrid,2,2.952973225,0.578263855,5,11,1,1,5,16,1,2,1,12,30,1,2
GX550,2,-3.497444051,-3.283346345,9,16,2,2,7,32,2,2,1,3,42,1,2
Land Cruiser Hybrid,2,2.864382452,0.415686562,9,11,2,1,NA,13,NA,NA,NA,NA,4,NA,NA
GX550,2,3.495168945,0.506184137,7,11,1,1,3,23,5,1,1,11,13,0,2
Land Cruiser Hybrid,2,2.649336311,0.39933403,11,12,4,2,1,11,10,3,3,22,47,0,1
GX550,2,3.294067612,0.402497171,11,16,3,1,7,29,6,4,1,2,20,0,2
4Runner,1,-2.835648726,9.166403777,8,11,2,1,2,29,10,1,4,23,32,0,2
4Runner,1,-2.769573001,9.322250961,6,11,1,1,NA,10,NA,NA,NA,NA,9,NA,NA
GX550,2,2.333625113,-1.963375729,5,11,1,2,NA,23,NA,NA,NA,NA,15,NA,NA
Land Cruiser Hybrid,2,2.917751614,0.854733775,12,14,4,1,NA,15,NA,NA,NA,NA,32,NA,NA
Land Cruiser Hybrid,2,2.747925162,0.289480997,7,16,2,2,7,23,5,3,1,2,28,0,2
4Runner,2,2.758769077,1.260682724,10,15,3,2,6,14,6,2,1,9,13,0,1
GX550,2,-2.917675251,-3.719290596,5,16,1,2,4,15,4,2,1,2,42,0,2
Land Cruiser Hybrid,1,-2.836785178,9.166920359,11,11,4,2,6,11,6,3,1,10,4,0,1
GX550,2,2.973528526,0.221527723,8,16,2,2,NA,23,NA,NA,NA,NA,4,NA,NA
4Runner,2,-3.128358214,-3.354669549,11,15,4,2,4,23,6,2,1,20,12,0,1
4Runner,2,2.754304774,0.494886962,11,13,4,2,NA,11,NA,NA,NA,NA,31,NA,NA
GX550,2,-2.740804545,-3.477509837,8,16,2,1,NA,16,NA,NA,NA,NA,4,NA,NA
Land Cruiser Hybrid,2,0.992798445,-0.194064587,8,16,2,1,7,15,5,3,1,4,47,0,1
Land Cruiser Hybrid,2,-2.728528301,-3.233968769,13,12,5,3,NA,20,NA,NA,NA,NA,38,NA,NA
Land Cruiser Hybrid,2,1.295568185,-2.228154004,8,13,2,1,5,28,3,3,1,5,4,1,2
GX550,2,0.616826475,-2.435641841,12,16,4,1,9,30,6,2,1,8,36,0,1
GX550,2,1.977923755,-2.028778643,8,16,2,1,2,30,3,3,1,2,42,1,2
Land Cruiser Hybrid,2,2.368288301,-1.336565103,10,11,2,1,2,23,6,2,1,2,31,0,2
GX550,2,-2.943041742,-3.703135229,5,15,1,1,1,23,2,3,1,11,8,3,2
Land Cruiser Hybrid,2,0.743440098,-1.242991866,6,11,1,1,1,16,2,2,1,12,32,2,2
GX550,2,-4.076106827,-3.661581059,9,16,2,1,1,20,3,2,1,20,4,1,2
GX550,2,2.214836889,-1.74582348,11,16,4,1,NA,28,NA,NA,NA,NA,41,NA,NA
Land Cruiser Hybrid,2,0.835852638,-2.757188916,8,15,2,1,3,16,5,3,1,2,32,0,2
Land Cruiser Hybrid,2,2.965072346,0.375470779,5,11,1,2,NA,27,NA,NA,NA,NA,42,NA,NA
4Runner,2,-3.25881217,-3.549453759,11,16,3,1,11,20,6,3,1,22,4,0,1
GX550,2,1.695921425,-1.855713666,12,12,4,1,11,14,6,2,1,22,5,0,1
Land Cruiser Hybrid,2,3.033504105,-0.153641695,12,15,4,2,NA,11,NA,NA,NA,NA,28,NA,NA
GX550,1,-2.350928135,9.174056081,7,15,2,2,3,14,2,1,1,11,4,2,2
Land Cruiser Hybrid,2,0.781382849,-2.661225098,11,14,4,1,4,20,6,4,1,22,37,0,2
GX550,2,3.308484917,1.166862416,10,16,3,2,NA,13,NA,NA,NA,NA,16,NA,NA
Land Cruiser Hybrid,2,2.695480428,-1.373729749,10,11,3,1,3,23,6,3,1,22,31,0,2
GX550,2,3.453198247,0.532517581,4,11,1,1,NA,29,NA,NA,NA,NA,10,NA,NA
Land Cruiser Hybrid,1,-2.641668447,9.265549986,10,11,2,1,1,15,6,2,1,2,9,0,1
Land Cruiser Hybrid,2,1.88238877,-1.800367372,8,11,2,1,NA,16,NA,NA,NA,NA,36,NA,NA
4Runner,2,0.34573153,-1.870241585,8,13,2,2,NA,28,NA,NA,NA,NA,29,NA,NA
Land Cruiser Hybrid,2,2.87819378,-0.296711809,10,13,3,1,3,16,6,2,1,22,9,0,1
GX550,2,3.493345863,0.965266852,11,11,4,1,7,33,6,2,1,12,26,0,1
4Runner,2,2.282408129,0.804878457,NA,NA,NA,NA,NA,NA,NA,3,1,22,31,0,2
GX550,2,-3.755160085,-1.381439722,11,16,4,2,NA,28,NA,NA,NA,NA,9,NA,NA
GX550,2,2.439377954,-1.413488391,10,16,2,2,11,33,6,2,1,5,24,0,1
GX550,2,3.482333099,0.82017698,10,16,3,2,NA,16,NA,NA,NA,NA,35,NA,NA
Land Cruiser Hybrid,2,0.399179397,-2.685579157,6,16,1,1,4,29,4,3,1,12,47,0,2
4Runner,2,-3.788423145,-1.448727832,11,16,3,1,7,13,6,1,1,2,36,0,1
GX550,2,3.252376695,0.514578835,4,13,6,1,NA,16,NA,NA,NA,NA,34,NA,NA
4Runner,2,1.802060141,-1.905413983,9,11,2,1,NA,31,NA,NA,NA,NA,9,NA,NA
4Runner,1,-2.492121787,9.235960269,9,11,2,2,NA,10,NA,NA,NA,NA,41,NA,NA
4Runner,2,1.616382313,0.356848599,4,13,1,1,7,14,9,3,2,9,8,0,2
GX550,2,3.236346066,0.468830632,9,15,2,2,NA,33,NA,NA,NA,NA,12,NA,NA
GX550,2,3.440471775,0.642574975,10,15,3,2,11,20,6,3,1,22,10,0,1
GX550,2,3.389538366,1.094265684,12,11,4,1,NA,16,6,2,1,22,15,0,1
Land Cruiser Hybrid,1,-2.534106544,9.262971297,7,16,1,2,6,16,2,2,1,12,22,1,2
GX550,2,-4.02032239,-3.221547757,6,11,1,2,11,23,2,3,1,2,29,2,2
Land Cruiser Hybrid,2,2.924424982,-0.174317762,9,16,2,1,1,15,7,3,3,2,47,1,2
GX550,2,-4.340910009,-3.058186016,12,11,4,1,NA,23,NA,NA,NA,NA,21,NA,NA
Land Cruiser Hybrid,2,-3.283624687,-3.681818601,8,13,2,2,2,32,2,3,1,2,5,1,2
Land Cruiser Hybrid,2,-3.185085354,-3.587493127,9,16,2,1,11,29,3,1,1,5,42,1,2
GX550,2,1.761282329,-2.209934054,8,16,2,2,1,14,10,1,2,22,4,0,2
GX550,2,3.169359252,0.349105266,NA,16,NA,1,NA,30,NA,NA,NA,NA,20,NA,NA
4Runner,1,-2.982628685,9.070592423,10,13,2,1,NA,26,10,2,3,22,9,0,2
GX550,1,-2.793358578,9.162813583,11,16,3,2,1,20,10,2,4,22,4,0,2
Land Cruiser Hybrid,2,2.995434941,0.291740163,6,16,1,1,7,15,2,1,1,14,42,1,2
4Runner,2,-4.463316146,-3.71921885,9,13,2,2,3,25,5,3,1,3,20,0,1
GX550,2,3.649055048,0.861198003,9,16,2,2,2,30,5,1,1,22,2,0,1
4Runner,2,2.850894246,0.328379617,11,14,4,2,NA,16,NA,NA,NA,NA,45,NA,NA
Land Cruiser Hybrid,1,-2.518041949,9.296985293,6,16,1,1,1,16,7,1,3,23,24,2,2
4Runner,2,0.734157371,-1.513291935,8,16,2,2,3,14,5,2,1,11,5,0,2
Land Cruiser Hybrid,2,2.234427587,-1.595089473,9,16,2,1,6,16,5,2,1,3,37,0,2
GX550,2,2.496426644,-1.679041614,9,11,2,1,NA,23,NA,NA,NA,NA,42,NA,NA
4Runner,2,1.849657168,-1.956315912,9,15,2,1,NA,25,10,3,3,22,12,0,1
Land Cruiser Hybrid,2,-3.136497454,-3.513707345,10,11,3,1,1,14,6,3,1,22,36,0,1
GX550,2,-2.892485166,-3.678600425,5,11,1,1,NA,28,NA,NA,NA,NA,12,NA,NA
4Runner,2,0.500403577,-2.606312194,10,16,3,1,NA,20,NA,NA,NA,NA,44,NA,NA
4Runner,2,0.392601711,-2.632917488,13,15,4,1,8,10,10,4,3,2,37,0,1
Land Cruiser Hybrid,2,3.167548547,-0.093721734,9,11,2,1,3,20,5,2,1,12,10,0,2
GX550,2,3.332519894,0.353649702,12,15,4,1,7,31,6,3,1,5,9,0,1
4Runner,2,2.487512264,0.648645182,11,13,3,2,NA,13,NA,NA,NA,NA,31,NA,NA
Land Cruiser Hybrid,2,3.008848146,-0.247769792,11,16,3,1,NA,16,NA,NA,NA,NA,20,NA,NA
4Runner,2,0.38102072,-1.796154292,9,13,2,2,NA,12,NA,NA,NA,NA,37,NA,NA
GX550,2,-4.308832543,-3.101359204,8,16,2,2,NA,28,5,1,1,23,10,0,1
Land Cruiser Hybrid,2,2.744807855,-0.398361532,7,15,2,2,NA,33,NA,NA,NA,NA,42,NA,NA
Land Cruiser Hybrid,2,-3.864867008,-3.668988553,11,16,4,2,11,13,6,3,1,23,4,0,1
GX550,2,-4.297769518,-3.263201065,10,11,3,1,3,30,6,1,1,2,41,0,1
GX550,2,1.689476706,-2.308763197,8,11,2,1,5,31,2,2,1,11,43,1,2
Land Cruiser Hybrid,2,1.408686676,-2.015963717,NA,11,NA,1,NA,20,3,2,1,5,45,1,2
GX550,2,1.146360105,-2.227681425,7,11,1,2,NA,20,2,1,1,20,42,2,2
4Runner,2,2.921531153,0.762256194,8,11,2,2,1,20,5,3,1,14,5,0,2
4Runner,2,0.310328331,-1.889022816,6,12,1,2,NA,14,NA,NA,NA,NA,2,NA,NA
Land Cruiser Hybrid,2,2.898962119,-0.170928513,7,14,2,2,7,26,5,3,1,20,37,0,2
GX550,2,3.49922249,0.955264275,13,16,4,1,NA,23,NA,NA,NA,NA,42,NA,NA
Land Cruiser Hybrid,2,2.833524949,-0.486955928,9,11,2,1,7,28,3,3,1,22,37,1,2
4Runner,2,2.94210007,0.18137073,6,16,1,1,NA,13,4,2,1,5,29,0,1
4Runner,2,0.446599875,-1.930454353,8,16,2,2,NA,20,NA,NA,NA,NA,31,NA,NA
GX550,2,3.411511342,0.907705512,12,16,4,1,11,16,6,3,1,12,37,0,1
4Runner,2,0.612258194,-2.582510862,10,15,2,2,3,20,6,3,1,23,24,0,1
GX550,2,2.357883634,-0.187536877,11,11,4,1,11,20,6,2,1,12,41,0,1
Land Cruiser Hybrid,2,3.025390572,0.885692238,12,15,4,1,NA,12,6,3,1,22,41,0,1
Land Cruiser Hybrid,2,2.382229246,-1.218379851,10,16,3,1,7,31,6,3,1,11,45,0,1
GX550,2,3.621308982,0.918445233,12,11,4,2,1,31,6,4,1,11,42,0,1
Land Cruiser Hybrid,2,2.780164261,0.861226312,13,11,4,1,NA,16,NA,NA,NA,NA,25,NA,NA
GX550,2,1.248137743,0.166955067,9,11,2,1,NA,13,NA,NA,NA,NA,31,NA,NA
GX550,2,1.937954955,-2.367604625,9,16,2,1,3,20,5,1,1,5,41,0,1
4Runner,2,0.909775141,-1.023732538,9,16,2,1,7,20,2,2,1,2,34,2,2
GX550,2,0.825143075,-2.150949255,8,16,2,2,NA,28,NA,NA,NA,NA,42,NA,NA
Land Cruiser Hybrid,2,2.378712988,0.139638445,11,11,4,1,7,11,6,3,1,22,48,0,2
GX550,2,2.958083813,1.391799904,7,11,2,1,3,23,5,2,1,12,46,0,2
4Runner,2,0.860741643,-2.440328731,10,11,2,2,7,29,6,3,1,10,6,0,1
GX550,2,3.288968888,0.486309408,9,12,2,1,NA,20,NA,NA,NA,NA,4,NA,NA
GX550,2,3.208840114,0.737152241,6,16,1,1,NA,23,NA,NA,NA,NA,4,NA,NA
GX550,2,2.706621696,-1.798358241,4,16,1,2,NA,15,NA,NA,NA,NA,47,NA,NA
Land Cruiser Hybrid,2,2.838147354,0.87258426,13,14,5,1,NA,27,NA,NA,NA,NA,48,NA,NA
Land Cruiser Hybrid,2,1.096497419,-2.219874335,8,15,2,2,1,28,5,4,1,11,36,0,1
GX550,1,-2.737843622,8.688741996,9,16,2,1,3,28,5,2,1,22,6,0,2
GX550,2,2.016747602,-1.446699406,5,16,1,2,7,31,4,1,1,2,36,0,2
Land Cruiser Hybrid,2,1.953974261,-1.979800899,13,11,4,1,NA,14,NA,NA,NA,NA,45,NA,NA
4Runner,2,-4.241240427,-3.252910429,12,11,4,2,NA,15,NA,NA,NA,NA,31,NA,NA
Land Cruiser Hybrid,2,1.443474266,0.033469988,12,11,4,1,9,31,6,2,1,12,37,0,1
GX550,2,1.973684676,-2.006866736,12,15,4,2,NA,32,NA,NA,NA,NA,10,NA,NA
Land Cruiser Hybrid,2,1.926025354,0.083991847,10,16,3,1,9,12,6,3,1,23,29,0,2
Land Cruiser Hybrid,2,3.044066992,0.535740669,11,14,4,1,NA,14,NA,NA,NA,NA,37,NA,NA
Land Cruiser Hybrid,2,2.939275551,0.394410572,12,11,4,1,11,28,6,3,1,22,45,0,1
4Runner,1,-2.402441589,9.381245916,11,13,3,2,11,27,6,3,1,22,9,0,1
4Runner,2,-4.214457091,-3.666722035,8,16,2,2,NA,25,NA,NA,NA,NA,29,NA,NA
GX550,2,-4.379290703,-3.48446478,9,16,2,1,NA,16,NA,NA,NA,NA,23,NA,NA
GX550,2,2.524952998,-1.769376707,7,13,2,1,3,23,1,2,1,5,4,2,2
GX550,2,-3.671860254,-1.505215998,5,16,1,1,3,23,1,1,1,3,10,1,2
GX550,2,3.46859681,0.170788802,4,16,1,1,5,32,2,2,1,1,3,2,2
Mustang Mach-E,2,-3.317980133,-2.341318108,8,16,2,1,NA,20,3,2,1,14,35,2,2
Mustang Mach-E,2,1.166093709,2.126542129,9,14,2,1,7,13,5,2,1,1,4,0,1
Mustang Mach-E,1,-2.52321534,8.870782665,5,11,1,1,1,28,4,2,1,3,21,0,2
Mustang Mach-E,2,0.028643846,-0.166786812,8,11,2,1,NA,28,NA,NA,NA,NA,42,NA,NA
Mustang Mach-E,2,2.194407582,1.574023353,11,16,4,1,11,31,6,2,1,22,37,0,2
Mustang Mach-E,2,0.743474936,0.982285118,6,16,1,1,NA,16,NA,NA,NA,NA,21,NA,NA
Mustang Mach-E,2,0.668281849,1.432891663,6,11,1,1,9,15,7,2,3,14,42,2,2
Mustang Mach-E,2,1.073814075,1.2294834,12,11,4,1,6,14,6,2,1,22,4,0,1
Mustang Mach-E,2,0.627289194,0.704321336,13,11,5,1,7,15,6,2,1,22,4,0,1
Mustang Mach-E,2,-3.258748626,-2.441176484,7,16,2,1,6,13,1,2,1,23,36,2,2
Mustang Mach-E,2,-4.022244903,-2.717654094,7,16,1,1,NA,29,NA,NA,NA,NA,42,NA,NA
Mustang Mach-E,2,0.646404538,0.654127895,8,14,2,1,NA,16,5,3,1,7,42,0,1
Mustang Mach-E,2,-3.82529681,-2.926467736,6,13,1,1,5,15,3,4,1,7,31,2,2
Model Y,1,-2.383068907,9.203415645,10,15,3,2,3,20,10,2,3,22,9,0,2
Model Y,2,-2.195425824,-0.107745593,8,11,2,2,7,16,3,3,1,2,29,1,2
R1S,2,-1.228081117,-0.381947068,2,16,6,1,4,16,8,2,2,19,34,0,2
Defender 110,2,2.800703959,-0.122831085,9,11,2,2,3,23,5,2,1,20,34,0,2
Model Y,2,-2.161668413,-0.317347443,8,11,2,1,2,20,3,2,1,2,29,1,2
Model Y,2,-2.135309538,-0.111183087,7,11,1,2,NA,16,NA,NA,NA,NA,10,NA,NA
Defender 110,2,-2.820327977,-3.704423024,9,16,2,2,11,23,5,1,1,5,16,0,2
R1S,2,-1.091553459,-0.303656548,6,16,1,2,NA,28,NA,NA,NA,NA,42,NA,NA
Model Y,2,-2.067624058,0.070146229,7,11,2,2,NA,23,NA,NA,NA,NA,32,NA,NA
Model Y,2,-2.97926643,-1.06446248,7,11,1,1,11,23,2,2,1,11,24,3,2
Model Y,2,-3.693996124,-1.388830282,4,16,6,2,11,14,9,2,4,14,29,0,1
Model Y,2,-3.070919961,-1.103230361,8,14,2,1,6,11,5,2,1,5,21,0,1
Defender 110,2,1.572286442,-1.20168267,9,11,2,2,2,23,5,1,1,2,7,0,2
Defender 110,2,1.220697478,-2.576135879,7,11,2,2,NA,23,NA,NA,NA,NA,10,NA,NA
R1S,2,-1.228218815,-0.506784191,7,15,1,2,NA,30,NA,NA,NA,NA,6,NA,NA
R1S,2,-4.335196173,-3.466165296,10,16,3,2,2,23,6,2,1,21,32,0,1
R1S,2,-4.240911535,-2.362840673,8,11,2,1,1,23,5,2,1,5,39,0,2
R1S,1,-2.222154875,9.33882732,4,16,1,1,9,20,9,1,2,14,42,0,2
Model Y,2,-2.145642289,-0.209777277,7,16,1,2,5,14,7,1,4,10,42,1,2
Defender 110,2,1.234997559,0.024791297,10,16,2,1,NA,15,NA,NA,NA,NA,42,NA,NA
Model Y,2,-2.987691232,-1.060514706,4,11,1,2,7,15,9,2,4,12,42,0,2
R1S,1,-2.439052931,8.925360668,6,11,1,1,1,31,1,2,1,2,21,2,2
Model Y,2,-2.045001915,-0.080831084,10,15,3,1,6,27,10,3,3,23,34,0,2
R1S,2,-0.876874824,-0.627606595,12,11,4,2,7,20,6,2,1,22,30,0,1
R1S,2,-1.076443884,-0.71735893,7,16,1,1,2,31,2,2,1,14,5,2,2
R1S,2,-1.243584331,-0.37956385,7,11,2,1,NA,29,NA,NA,NA,NA,2,NA,NA
Model Y,2,-3.714254979,-1.395283979,7,16,1,2,6,12,2,2,1,23,21,3,2
Model Y,2,-2.019447004,0.070348412,6,11,1,2,NA,13,NA,NA,NA,NA,39,NA,NA
Model Y,2,-1.874743556,0.512680453,5,16,1,1,NA,14,4,1,1,15,42,0,2
R1S,2,-3.116596964,-2.669500852,6,11,1,1,9,23,9,2,2,22,42,0,2
Model Y,2,-2.857947713,-0.919337495,7,12,1,1,6,16,2,3,1,13,32,2,2
Model Y,2,-2.929546947,-0.974969869,10,11,3,1,1,16,6,2,1,10,6,0,1
Defender 110,2,2.892520097,0.148783741,11,13,4,2,NA,20,10,4,4,2,9,0,1
Defender 110,2,2.972346896,1.134117333,12,11,4,1,3,31,6,1,1,5,42,0,2
Defender 110,2,3.080964068,0.136191921,8,16,2,2,9,28,5,3,1,22,34,0,2
R1S,2,-0.773281454,0.388607789,4,16,1,1,NA,23,1,2,1,14,29,1,2
R1S,2,-1.314262626,-0.328172065,10,16,2,1,NA,20,NA,NA,NA,NA,10,NA,NA
R1S,2,-0.988841184,-0.708088476,6,11,1,1,7,30,2,2,1,13,5,2,2
Model Y,1,-3.013494923,8.546331645,7,11,2,1,5,31,2,2,1,2,38,2,2
Defender 110,2,1.251262564,-2.621428384,8,16,2,2,NA,32,NA,NA,NA,NA,9,NA,NA
R1S,2,-1.17111041,-0.372320613,6,11,1,2,NA,16,2,2,1,23,22,2,2
Model Y,2,-2.128455707,-0.220966387,13,15,4,2,3,13,10,2,3,12,29,0,1
R1S,2,-4.356890819,-2.70769164,10,16,3,1,8,20,6,2,1,5,45,0,2
Model Y,2,-1.867582841,-0.132293459,4,16,1,2,1,13,7,2,2,12,29,5,2
Model Y,2,-1.911985749,0.483564521,9,16,2,2,NA,14,NA,NA,NA,NA,9,NA,NA
R1S,2,3.189274339,0.868729888,6,11,1,2,NA,31,NA,NA,NA,NA,34,NA,NA
Model Y,2,-2.096192621,0.157499276,5,16,1,1,NA,15,NA,NA,NA,NA,41,NA,NA
Model Y,2,-3.014752746,-0.921916719,6,13,1,1,NA,11,NA,NA,NA,NA,9,NA,NA
Model Y,2,-2.005519047,-0.180127816,11,16,4,1,7,28,6,3,1,22,1,0,1
R1S,2,-4.305670553,-2.740142374,6,16,1,1,8,23,2,1,1,23,9,2,2
Model Y,2,-2.107977784,-0.360781041,8,11,2,1,2,20,3,2,1,3,29,1,2
Model Y,2,-2.122767541,0.00118614,8,11,2,1,6,28,2,3,1,10,6,2,2
Defender 110,2,2.636698841,-0.314925302,8,16,2,1,3,16,10,2,2,2,45,0,2
Model Y,2,-2.137680327,-0.141975382,8,11,2,2,NA,31,NA,NA,NA,NA,1,NA,NA
R1S,2,-1.132231055,-0.547881257,6,16,1,1,2,30,2,2,1,14,42,2,2
Defender 110,2,2.131837486,0.688381447,9,15,2,1,1,13,5,4,1,22,21,0,2
Model Y,2,-1.954827339,0.478753704,13,16,4,2,2,16,6,2,1,22,2,0,1
Model Y,2,-2.980344058,-1.048780086,6,16,1,2,11,12,3,2,1,5,21,2,2
Land Cruiser Hybrid,2,2.79425997,0.238895914,13,16,4,1,11,10,6,2,1,2,9,0,2
Wrangler,2,0.502122571,-2.08772657,13,11,5,1,1,16,6,3,1,22,39,0,2
Wrangler,2,0.92179931,-2.221424971,12,15,4,1,NA,12,NA,NA,NA,NA,9,NA,NA
Wrangler,1,-2.945485857,9.143242749,12,16,4,1,NA,16,6,2,1,22,15,0,1
Wrangler,2,1.60806909,-1.752772337,9,13,2,2,NA,29,NA,NA,NA,NA,29,NA,NA
Wrangler,2,0.908105993,-1.811503498,7,11,1,1,7,23,2,1,1,12,46,2,2
Wrangler,2,1.172038126,0.297693291,9,16,2,2,NA,16,NA,NA,NA,NA,41,NA,NA
Wrangler,2,0.452653636,-2.469901533,9,13,2,1,NA,15,NA,NA,NA,NA,39,NA,NA
Wrangler,2,-4.359295192,-3.520452931,13,13,5,1,7,27,6,3,1,22,32,0,1
Wrangler,2,0.48063882,-2.039765183,9,13,2,1,NA,28,NA,NA,NA,NA,20,NA,NA
Wrangler,2,1.552408051,-1.720489203,10,16,3,2,NA,14,NA,NA,NA,NA,39,NA,NA
Wrangler,2,0.514191756,-1.478366586,11,15,4,1,NA,20,NA,NA,NA,NA,8,NA,NA
Wrangler,2,1.397689641,0.266281104,NA,NA,NA,NA,NA,NA,NA,NA,NA,NA,5,NA,NA
Wrangler,2,1.604933797,-1.307182058,9,15,2,1,7,16,5,3,1,5,17,0,2
Wrangler,2,2.301281218,1.208842405,12,15,4,1,NA,20,6,2,1,22,50,0,1
Wrangler,2,2.714693777,1.226152093,13,11,4,1,1,15,6,2,1,22,9,0,1
Wrangler,2,2.784687682,-0.39619054,8,13,2,1,NA,16,NA,NA,NA,NA,17,NA,NA
Wrangler,2,0.466063145,-2.610175902,13,16,4,1,NA,10,NA,NA,NA,NA,42,NA,NA
Wrangler,2,2.703362326,1.438956084,NA,14,NA,1,NA,15,NA,NA,NA,NA,9,NA,NA
Wrangler,2,-3.51567132,-3.368431839,10,12,2,1,1,20,6,3,1,22,32,0,1
Wrangler,2,1.974665417,-0.5006472,10,11,3,1,4,29,6,3,1,22,36,0,1
Wrangler,2,0.426318335,-1.986223072,6,15,1,2,7,13,4,3,1,10,35,0,2
Wrangler,2,2.571944481,0.867765247,13,11,5,1,NA,20,NA,NA,NA,NA,6,NA,NA
Wrangler,2,1.13385679,-0.201390355,8,13,2,1,NA,31,NA,NA,NA,NA,42,NA,NA
Wrangler,1,-2.957495089,8.946576125,10,16,2,1,7,20,6,2,1,22,39,0,1
Wrangler,2,1.4148738,0.587746271,11,13,4,2,NA,13,NA,NA,NA,NA,9,NA,NA
Wrangler,2,0.498904642,-2.012898343,4,11,1,1,7,16,1,2,1,10,42,2,2
Wrangler,2,1.315511808,-0.05248691,9,14,2,1,NA,28,NA,NA,NA,NA,2,NA,NA
Wrangler,2,1.854808497,-1.0607035,10,13,3,1,7,30,6,2,1,3,42,0,1
Wrangler,2,0.996426878,0.28918613,9,13,2,2,NA,14,NA,NA,NA,NA,24,NA,NA
Wrangler,2,0.976737897,0.279312142,9,16,2,2,3,28,5,2,1,2,2,0,2
Wrangler,2,1.434464291,0.13192171,4,13,1,2,3,12,1,4,1,3,3,1,2
Wrangler,2,2.68606867,1.245769984,13,16,4,1,4,16,6,3,1,22,25,0,2
Wrangler,2,0.765786669,-1.094427617,8,16,2,2,NA,13,NA,NA,NA,NA,21,NA,NA
Wrangler,2,0.534795853,-2.386417914,13,11,4,1,NA,16,NA,NA,NA,NA,1,NA,NA
Wrangler,2,1.032356352,-0.00391598,9,15,2,1,NA,11,NA,NA,NA,NA,45,NA,NA
Wrangler,2,-4.460319726,-3.579944033,11,15,4,1,NA,20,NA,NA,NA,NA,42,NA,NA
Wrangler,2,2.017966033,0.970592516,9,13,2,1,NA,11,NA,NA,NA,NA,45,NA,NA
Wrangler,2,-3.836302883,-3.609266359,8,11,2,1,1,29,5,2,1,5,12,0,2
Wrangler,2,1.557943136,-1.562262669,13,11,5,1,4,15,10,3,3,22,9,0,2
Wrangler,2,2.523380961,1.579275314,8,16,2,1,3,29,5,3,1,2,13,0,2
Wrangler,2,-3.640682774,-2.709851907,13,11,4,2,1,16,6,3,1,22,39,0,1
Wrangler,2,0.285528897,-1.981728005,9,11,2,2,NA,20,5,2,1,3,34,0,1
Wrangler,2,0.480405907,-2.50927936,13,11,4,1,NA,31,6,3,1,5,9,0,1
Wrangler,2,2.26362878,1.044657144,7,11,2,2,NA,14,10,2,3,11,21,0,1
Wrangler,2,0.673177996,-1.160692803,11,13,4,1,NA,26,NA,NA,NA,NA,14,NA,NA
Wrangler,2,1.278709146,0.234347735,8,11,2,1,1,12,10,3,2,5,10,0,1
Wrangler,2,1.912355664,-1.20841795,NA,16,NA,1,7,12,NA,3,1,22,2,0,1
Wrangler,2,2.446031065,1.702276756,9,16,2,1,1,29,5,2,1,1,34,0,1
Wrangler,2,1.042413777,0.387268253,8,11,2,2,NA,20,NA,NA,NA,NA,4,NA,NA
Wrangler,2,1.04101568,-0.147156721,9,11,2,1,NA,16,NA,NA,NA,NA,50,NA,NA
Wrangler,1,-2.991656584,9.054091442,12,15,4,1,1,27,10,2,2,22,36,0,2
Wrangler,2,2.599140118,1.104480053,13,12,4,2,NA,13,NA,NA,NA,NA,9,NA,NA
Wrangler,2,2.289668483,1.435173086,11,13,4,1,NA,24,NA,NA,NA,NA,37,NA,NA
Wrangler,1,-2.947353117,8.936598733,8,16,2,1,NA,13,NA,NA,NA,NA,2,NA,NA
Wrangler,2,-3.581942096,-3.576489544,12,11,4,2,1,15,10,1,2,22,9,0,2
Wrangler,2,1.313639219,-1.880427104,8,11,2,2,1,14,10,2,3,2,16,0,1
Wrangler,2,-3.47623675,-2.795210163,4,14,6,2,3,10,1,2,1,19,42,4,2
Wrangler,2,-3.579540993,-3.761149552,7,11,1,1,NA,29,NA,NA,NA,NA,16,NA,NA
Wrangler,2,2.605690318,1.362778945,11,13,3,1,NA,10,NA,NA,NA,NA,43,NA,NA
Wrangler,2,-3.950101679,-3.438308419,7,15,2,1,3,13,3,1,1,13,12,2,2
Wrangler,2,1.860456784,-1.292206939,6,11,1,2,6,14,4,3,1,3,21,0,2
Wrangler,1,-2.818292171,8.977876626,8,11,2,2,NA,20,NA,NA,NA,NA,24,NA,NA
Wrangler,2,1.434187769,-1.743939909,4,16,1,1,NA,29,NA,NA,NA,NA,47,NA,NA
Wrangler,2,1.239577331,0.571350277,13,13,4,1,NA,24,NA,NA,NA,NA,18,NA,NA
Wrangler,2,2.223798102,1.700717111,7,13,1,2,NA,12,NA,NA,NA,NA,41,NA,NA
Wrangler,2,0.412070814,-2.501579729,8,13,2,1,NA,11,NA,NA,NA,NA,37,NA,NA
Wrangler,2,2.35492737,1.695965322,10,13,3,1,NA,10,NA,NA,NA,NA,21,NA,NA
Wrangler,1,-2.95760093,9.158095136,11,16,3,1,9,26,10,2,2,22,24,0,2
Wrangler,2,-4.050640172,-3.755071818,11,14,3,1,5,14,6,4,1,7,48,0,2
Wrangler,2,2.201507392,0.328436561,6,15,1,1,2,30,9,2,4,3,24,0,2
Wrangler,2,0.432489535,-2.351678923,5,14,1,1,4,11,1,3,1,8,37,2,2
Wrangler,2,-2.900562829,-3.134959113,8,14,2,2,3,16,5,3,1,3,32,0,1
Wrangler,2,-3.096586185,-3.39843933,8,11,2,2,NA,20,NA,NA,NA,NA,37,NA,NA
Wrangler,2,-3.255525731,-3.621702443,12,11,4,1,NA,14,NA,NA,NA,NA,4,NA,NA
Wrangler,2,-4.505195206,-3.294750352,11,15,4,1,NA,12,NA,NA,NA,NA,41,NA,NA
Wrangler,2,-3.315828592,-3.780791234,3,16,6,1,9,11,1,3,1,8,3,2,2
Wrangler,2,0.431233874,-2.237723576,10,15,3,2,1,14,10,3,4,23,20,0,1
Wrangler,2,1.003682327,-0.221290639,3,11,6,2,7,15,8,2,2,23,45,0,2
Bronco,2,0.951525739,0.345149457,7,15,1,1,NA,16,NA,NA,NA,NA,42,NA,NA
Bronco,2,1.793639569,-0.998486764,13,11,4,1,9,20,10,2,3,22,19,0,2
Bronco,2,1.628764406,-1.432487401,8,16,2,1,1,29,5,2,1,3,32,0,1
Mustang Mach-E,2,0.165093992,-0.248332581,8,11,2,1,1,20,5,1,1,3,10,0,2
Mustang Mach-E,2,-3.801322773,-2.49465316,4,14,1,1,1,15,9,2,3,14,22,0,2
Mustang Mach-E,2,0.266717616,0.680146956,11,16,4,1,NA,13,3,1,1,5,4,1,2
Mustang Mach-E,2,1.164252995,1.981732243,13,15,4,2,NA,30,NA,NA,NA,NA,4,NA,NA
Mustang Mach-E,2,-0.071652449,-0.305203602,9,11,2,1,7,30,5,2,1,3,1,0,2
Mustang Mach-E,2,0.806111402,0.651017789,3,15,6,2,1,13,8,2,2,4,9,0,2
Bronco,2,1.80955567,-1.322411446,10,13,2,1,NA,12,NA,NA,NA,NA,31,NA,NA
Mustang Mach-E,2,0.618203943,1.995772291,13,11,5,1,2,14,6,2,1,22,5,0,2
Bronco,2,1.744309734,-0.539134444,13,16,4,1,6,23,10,1,4,5,42,0,1
Mustang Mach-E,2,0.272574295,-1.193427764,6,15,1,2,11,11,7,2,2,3,9,1,2
Mustang Mach-E,2,0.799843563,2.142175324,7,11,1,1,7,16,5,2,1,3,4,0,2
Bronco,2,2.069124067,-1.930262289,9,12,2,2,NA,20,NA,NA,NA,NA,34,NA,NA
Bronco,2,0.896047638,-1.771390195,5,14,1,1,NA,14,NA,NA,NA,NA,42,NA,NA
Mustang Mach-E,2,0.178693778,-1.808960105,5,16,1,1,11,29,1,2,1,23,9,2,2
Bronco,2,-3.918525639,-3.322971345,7,11,2,1,3,28,3,2,1,11,20,2,2
Mustang Mach-E,2,-0.020386807,-0.844754491,9,16,2,1,NA,20,NA,NA,NA,NA,20,NA,NA
Mustang Mach-E,2,0.402164586,1.46220635,6,16,1,1,4,28,1,2,1,3,9,2,2
Mustang Mach-E,2,0.870604032,2.051833625,8,11,2,2,NA,28,NA,NA,NA,NA,21,NA,NA
Bronco,2,0.720367653,-1.43582466,8,11,2,2,NA,20,NA,NA,NA,NA,39,NA,NA
Mustang Mach-E,1,-2.196610658,9.212552041,5,11,1,1,6,20,4,1,1,3,4,0,2
Bronco,2,1.629480856,-0.895149904,8,11,2,1,2,16,5,2,1,12,9,0,2
Bronco,2,0.938342184,0.006200462,10,15,3,1,NA,20,NA,NA,NA,NA,13,NA,NA
Mustang Mach-E,2,0.934553108,1.704060695,6,16,1,1,3,23,4,3,1,5,12,0,1
Mustang Mach-E,2,0.624365807,0.818081733,12,11,4,1,3,20,6,3,1,22,36,0,1
Mustang Mach-E,2,0.3927943,1.285577779,8,11,2,1,3,31,2,2,1,10,1,1,2
Mustang Mach-E,2,0.908084657,1.217774531,8,11,2,2,NA,28,NA,NA,NA,NA,9,NA,NA
Mustang Mach-E,2,0.071964297,0.419087116,10,13,3,1,NA,16,NA,NA,NA,NA,28,NA,NA
Bronco,2,1.469929568,-1.613201629,11,16,4,1,NA,20,NA,NA,NA,NA,36,NA,NA
Bronco,2,1.066134883,-1.593207576,13,15,4,1,NA,20,NA,NA,NA,NA,25,NA,NA
Bronco,2,2.596674503,1.692898744,6,16,1,2,NA,16,NA,NA,NA,NA,9,NA,NA
Mustang Mach-E,2,-0.097174061,-0.213030343,6,13,1,1,6,13,2,2,1,14,43,2,2
Bronco,2,1.397926992,-1.232813574,11,16,3,2,1,13,10,3,3,22,32,0,1
Bronco,2,2.506962954,0.321902547,6,16,1,2,1,15,3,3,1,9,41,1,2
Bronco,2,2.118510782,0.800517921,9,16,2,1,2,29,5,2,1,5,32,0,1
Bronco,2,-3.93751923,-3.702179054,12,14,4,1,NA,27,NA,NA,NA,NA,13,NA,NA
Mustang Mach-E,2,0.523784469,-1.087465122,7,11,1,2,NA,20,5,2,1,11,21,0,2
Mustang Mach-E,2,-0.019526093,-0.600669259,6,12,1,1,NA,28,9,2,2,14,36,0,2
Mustang Mach-E,2,0.561637057,1.533103799,9,13,2,1,1,14,3,3,1,14,46,1,2
Mustang Mach-E,2,-0.052300568,-1.009570632,6,16,1,2,NA,15,NA,NA,NA,NA,37,NA,NA
Bronco,2,-4.213126635,-3.227667803,9,11,2,2,7,13,7,2,3,10,10,1,2
Bronco,2,-4.110337649,-3.291076267,10,11,2,2,NA,10,7,1,3,22,2,1,2
Mustang Mach-E,2,2.66250001,0.233831101,11,13,4,1,11,16,1,2,1,7,9,4,2
Mustang Mach-E,2,0.159119157,1.443125438,5,11,1,1,1,16,4,1,1,23,4,0,2
Mustang Mach-E,2,-0.218899498,-0.988460089,6,15,1,1,7,15,1,2,1,3,22,1,2
Bronco,2,1.211685991,-1.903537485,13,13,4,1,NA,26,NA,NA,NA,NA,37,NA,NA
Bronco,2,1.430842115,-1.611462686,8,15,2,1,NA,11,NA,NA,NA,NA,44,NA,NA
Bronco,2,-3.783029995,-1.429880299,4,11,6,1,1,15,4,2,1,19,29,0,2
Bronco,2,-2.997053249,-2.757977163,8,15,2,2,11,13,5,1,1,12,42,0,2
Mustang Mach-E,2,1.211981864,2.525099835,7,16,1,2,NA,20,3,2,1,12,4,1,2
Mustang Mach-E,2,1.255343148,1.47253719,10,16,2,1,3,15,6,2,1,22,1,0,1
Mustang Mach-E,2,-4.060834047,-2.718328341,6,16,1,1,1,14,2,2,1,14,42,2,2
Bronco,2,1.503029368,-2.207836104,12,12,4,1,7,15,6,3,1,22,36,0,1
Bronco,2,1.392720702,0.698775674,8,11,2,2,3,20,5,2,1,23,34,0,1
Mustang Mach-E,2,-3.632539682,-2.637855794,7,11,1,2,3,29,5,2,1,12,22,0,2
Mustang Mach-E,2,-3.190508063,-2.559866533,5,16,1,2,2,16,2,1,1,12,42,2,2
Mustang Mach-E,2,-0.060184687,0.011023156,9,15,2,1,NA,23,NA,NA,NA,NA,4,NA,NA
Mustang Mach-E,2,-3.438147254,-2.405096344,6,15,1,1,2,16,2,2,1,8,27,2,2
Bronco,1,-2.905934148,9.106966071,9,16,2,2,NA,11,10,2,2,22,21,0,2
Bronco,2,1.913245825,1.304860941,9,13,2,2,NA,27,NA,NA,NA,NA,22,NA,NA
Mustang Mach-E,2,1.212048625,2.445966381,9,16,2,1,NA,11,NA,NA,NA,NA,4,NA,NA
Mustang Mach-E,1,-2.982555264,8.704342251,9,15,2,1,6,14,5,2,1,5,4,0,1
Bronco,2,1.864772367,-1.151289483,6,16,1,1,NA,16,NA,NA,NA,NA,46,NA,NA
Mustang Mach-E,2,0.129124345,0.033216285,10,13,3,1,NA,16,6,2,1,9,4,0,1
Bronco,1,-2.359560679,9.367958263,10,NA,3,NA,NA,NA,10,3,3,22,34,0,1
Bronco,2,1.171692055,-1.523691815,5,16,1,1,7,14,1,2,1,5,32,3,2
Bronco,2,1.975326317,1.505400206,11,14,4,1,NA,15,NA,NA,NA,NA,35,NA,NA
Bronco,2,1.556119566,-1.55017052,5,16,1,1,3,16,4,3,1,1,24,0,2
Mustang Mach-E,2,0.051318998,0.090019806,12,11,4,1,NA,16,NA,NA,NA,NA,20,NA,NA
Mustang Mach-E,2,1.165987025,1.573929934,3,11,6,2,NA,14,NA,NA,NA,NA,4,NA,NA
Mustang Mach-E,2,0.170855287,-0.543332295,6,11,1,1,3,31,4,2,1,23,5,0,2
Mustang Mach-E,2,-3.617734468,-2.684123671,11,11,3,1,1,31,6,2,1,22,16,0,1
Mustang Mach-E,2,-0.103506937,0.315929321,5,16,1,2,1,23,1,2,1,2,4,3,2
Mustang Mach-E,2,1.165210826,2.349381546,7,16,2,2,NA,23,NA,NA,NA,NA,29,NA,NA
Mustang Mach-E,1,-2.935151116,8.926563848,12,11,4,1,1,14,10,2,3,22,32,0,1
Mustang Mach-E,2,0.816537395,2.398965571,6,11,1,2,NA,20,2,2,1,12,21,2,2
Mustang Mach-E,2,0.774991988,1.990927306,6,16,1,1,7,15,2,3,1,3,40,2,2
Bronco,2,1.146704026,-1.418314569,8,11,2,1,2,32,3,2,1,2,32,1,2
Mustang Mach-E,1,-2.179670034,9.427331471,8,15,2,1,2,14,5,1,1,3,4,0,2
Bronco,2,0.640537798,-1.486291669,8,11,2,2,7,14,5,3,1,12,37,0,2
Mustang Mach-E,2,0.085588044,-2.339545062,12,11,4,1,NA,12,NA,NA,NA,NA,41,NA,NA
Mustang Mach-E,2,0.286353055,-0.225626933,12,11,4,1,NA,20,6,3,1,22,2,0,2
Mustang Mach-E,2,1.865230748,1.854747098,13,11,4,2,4,14,10,2,3,22,46,0,2
Mustang Mach-E,2,1.487676789,1.36622281,13,11,4,2,NA,30,6,1,1,22,9,0,1
Bronco,2,0.77420452,-0.466099701,13,16,5,2,3,11,10,3,3,22,37,0,1
Bronco,2,-4.138525294,-3.079774846,4,15,6,2,3,14,2,3,1,1,32,2,2
Mustang Mach-E,2,1.610718512,1.74494721,8,11,2,1,NA,15,NA,NA,NA,NA,10,NA,NA
Mustang Mach-E,1,-2.501601638,9.357697659,8,11,2,2,4,16,5,3,1,10,13,0,1
Bronco,2,1.87366179,1.921556322,6,14,1,1,NA,16,NA,NA,NA,NA,42,NA,NA
Mustang Mach-E,2,-0.08162452,0.320667343,4,11,1,1,1,28,1,2,1,11,46,1,2
Bronco,2,1.224541219,-0.327007599,6,16,1,1,NA,13,NA,NA,NA,NA,42,NA,NA
Mustang Mach-E,2,0.990405626,2.292944731,8,11,2,1,NA,28,NA,NA,NA,NA,9,NA,NA
Mustang Mach-E,2,1.123070104,1.433851276,4,16,1,1,NA,13,NA,NA,NA,NA,42,NA,NA
Mustang Mach-E,2,1.269591247,2.072875586,9,13,2,2,6,16,3,2,1,11,9,1,2
Mustang Mach-E,2,0.62876994,2.169808364,10,11,2,2,NA,31,6,2,1,11,31,0,2
Mustang Mach-E,1,-2.954023315,8.609264715,6,16,1,1,7,11,9,3,2,8,4,0,2
Mustang Mach-E,2,-4.045536387,-2.693387048,8,11,2,1,1,20,5,2,1,2,34,0,2
Bronco,2,1.318627812,-0.251920474,8,15,2,1,NA,28,NA,NA,NA,NA,48,NA,NA
Mustang Mach-E,2,0.140280013,-1.296385955,12,16,4,1,NA,20,NA,NA,NA,NA,18,NA,NA
Mustang Mach-E,2,0.48504325,2.097882478,12,16,4,2,11,15,6,2,1,22,37,0,2
Bronco,2,2.029794107,0.798206367,7,16,2,2,1,14,10,2,2,5,42,0,2
Bronco,2,1.964895311,-1.065508068,8,16,2,1,7,32,2,3,1,11,45,1,2
Bronco,2,2.59807241,1.119274039,11,16,4,1,11,20,6,3,1,22,30,0,1
Bronco,2,1.414965807,-1.490374193,5,14,1,1,7,13,1,2,1,7,43,2,2
Mustang Mach-E,2,0.119669378,-0.695803387,9,16,2,2,1,14,10,4,4,3,45,0,1
Mustang Mach-E,2,-3.341691076,-2.506345064,6,13,1,1,1,13,2,2,1,9,9,1,2
Bronco,2,2.051580702,-1.080313506,7,16,2,1,6,28,3,4,1,2,24,2,2
Bronco,2,1.087331705,0.310254971,11,13,4,2,NA,27,NA,NA,NA,NA,3,NA,NA
Bronco,1,-2.923692046,9.025087313,10,11,3,2,5,12,10,3,3,12,18,0,2
Mustang Mach-E,2,-0.216773682,0.273435313,6,16,1,1,1,28,2,2,1,3,45,1,2
Mustang Mach-E,2,0.715492709,1.980883998,7,16,2,1,6,28,3,2,1,14,37,1,2
Mustang Mach-E,1,-2.309767376,9.380171461,6,16,1,1,9,15,9,1,2,3,7,0,2
Mustang Mach-E,2,0.683985354,0.535063212,8,16,2,2,NA,16,NA,NA,NA,NA,32,NA,NA
Mustang Mach-E,2,0.222935487,0.418828112,10,16,3,1,NA,15,NA,NA,NA,NA,18,NA,NA
Bronco,2,1.288215832,2.006347659,12,11,4,1,11,15,6,3,1,2,32,0,1
Bronco,2,1.127350388,-1.806213239,9,11,2,1,4,32,5,2,1,12,5,0,1
Bronco,2,0.86453097,-0.351580117,8,13,2,1,6,12,10,1,4,4,31,0,2
Mustang Mach-E,2,0.21492156,0.799412597,8,11,2,1,1,29,2,2,1,10,27,2,2
Mustang Mach-E,2,0.506598981,0.681253744,13,15,4,1,7,13,6,3,1,22,39,0,1
Mustang Mach-E,2,0.126859542,0.521797862,9,16,2,1,1,28,3,2,1,5,32,1,2
Mustang Mach-E,2,-3.566500876,-2.237107914,13,11,4,1,NA,16,NA,NA,NA,NA,5,NA,NA
Bronco,2,1.078419126,-0.717543686,11,15,3,1,4,13,6,4,1,5,41,0,1
Bronco,2,-3.770898637,-3.591274711,8,13,2,1,NA,29,NA,NA,NA,NA,4,NA,NA
Mustang Mach-E,2,0.293752015,0.169086298,10,11,3,1,NA,20,NA,NA,NA,NA,4,NA,NA
Bronco,2,1.526629948,0.35381074,10,15,2,2,7,14,6,3,1,3,4,0,1
Mustang Mach-E,2,-3.322495121,-2.280056072,7,11,1,1,3,20,2,2,1,14,43,3,2
Mustang Mach-E,2,0.057604055,0.110113153,6,14,1,1,NA,28,NA,NA,NA,NA,46,NA,NA
Bronco,1,-3.045783426,8.944985129,9,13,2,1,7,10,5,4,1,22,9,0,2
Mustang Mach-E,1,-2.814797448,8.92515774,13,16,5,1,5,14,6,3,1,22,4,0,1
Mustang Mach-E,2,-3.573230601,-2.178970215,12,11,4,2,7,29,6,2,1,22,30,0,1
Mustang Mach-E,2,-0.083810257,-0.433002552,9,11,2,2,11,20,5,2,1,23,38,0,1
Bronco,2,2.670467718,1.532960439,5,15,1,1,1,10,2,2,1,7,43,3,2
Mustang Mach-E,2,-3.79693277,-1.479610316,6,16,1,1,1,16,9,1,4,12,50,0,2
Mustang Mach-E,2,1.795555423,1.871647086,8,15,2,1,9,16,10,1,3,8,12,0,1
Mustang Mach-E,2,-0.282940242,0.450916093,7,11,1,1,4,28,3,1,1,14,19,1,2
Bronco,1,-2.526648808,9.349877716,13,13,5,1,3,11,10,3,3,22,2,0,1
Mustang Mach-E,2,-4.06630935,-2.515211578,12,15,4,1,NA,11,NA,NA,NA,NA,34,NA,NA
Bronco,2,2.145381493,1.333764203,11,13,3,1,NA,15,NA,NA,NA,NA,42,NA,NA
Mustang Mach-E,2,-3.690788185,-2.175844699,6,15,1,1,NA,16,NA,NA,NA,NA,47,NA,NA
Mustang Mach-E,2,2.38274726,-0.389346913,2,16,6,1,NA,26,NA,NA,NA,NA,10,NA,NA
Mustang Mach-E,2,-3.654850263,-2.3654831,6,16,1,1,3,15,9,1,3,8,2,0,2
Bronco,2,2.010070511,-0.302613536,9,13,2,1,1,28,5,3,1,7,36,0,1
Bronco,1,-3.105502046,9.145896538,10,13,3,1,NA,20,6,4,1,22,48,0,1
Mustang Mach-E,2,-0.026567234,-1.066859215,12,11,4,1,11,16,6,2,1,22,21,0,2
Mustang Mach-E,2,0.232603748,0.479983423,12,11,4,2,6,13,6,1,1,22,34,0,2
Mustang Mach-E,2,-3.308547213,-2.499563478,NA,11,NA,1,NA,23,NA,NA,NA,NA,9,NA,NA
Mustang Mach-E,2,-3.775713686,-2.571055183,9,16,2,2,11,30,5,2,1,23,19,0,2
Mustang Mach-E,2,0.639803321,1.920280166,9,16,2,1,NA,28,NA,NA,NA,NA,4,NA,NA
Bronco,2,2.396384124,0.303411984,9,14,2,1,3,14,5,3,1,16,41,0,2
Mustang Mach-E,2,-3.518425166,-2.299210278,10,16,2,2,5,20,6,4,1,23,44,0,1
Bronco,2,-2.882673421,-2.679020176,9,11,2,2,2,16,5,4,1,12,15,0,2
Mustang Mach-E,2,2.096619387,1.843080231,5,13,1,1,1,11,1,1,1,23,22,3,2
Mustang Mach-E,2,0.674458345,0.927254224,10,11,2,2,2,13,10,1,3,22,48,0,2
Bronco,2,-3.21898796,-3.295826651,6,15,1,1,4,27,9,2,2,15,46,0,2
Mustang Mach-E,1,-3.047056103,8.651791398,7,16,2,1,1,30,2,2,1,2,4,1,2
Mustang Mach-E,1,-2.189854419,9.284261122,6,11,1,2,6,31,2,3,1,12,4,1,2
Mustang Mach-E,2,0.322089843,1.118438069,5,11,1,1,1,29,4,2,1,14,4,0,2
Bronco,2,0.922997967,-0.742089859,10,13,3,1,6,27,6,3,1,22,2,0,2
Mustang Mach-E,2,-3.241596716,-2.388792844,9,13,2,1,1,28,5,2,1,11,34,0,1
Mustang Mach-E,2,1.143494719,2.200643994,12,13,4,1,2,27,10,4,3,22,42,0,1
Mustang Mach-E,2,0.131205881,0.281052094,7,16,2,3,NA,16,NA,NA,NA,NA,10,NA,NA
Mustang Mach-E,2,1.102844823,2.292140947,10,11,3,1,NA,16,NA,NA,NA,NA,9,NA,NA
Mustang Mach-E,2,0.964877527,2.369743229,13,11,4,1,11,20,6,2,1,22,21,0,1
Bronco,2,2.022687664,1.005999708,7,15,1,2,7,16,5,3,1,3,34,0,1
Mustang Mach-E,1,-2.968168213,8.82110336,6,16,1,1,6,15,4,3,1,6,4,0,2
Bronco,2,1.937139994,-0.646846328,6,16,1,1,7,28,2,2,1,3,36,1,2
Bronco,2,1.164400315,0.346620444,4,13,1,1,NA,14,NA,NA,NA,NA,21,NA,NA
Mustang Mach-E,2,-0.021296163,0.785673459,5,16,1,2,1,29,1,2,1,4,42,2,2
Mustang Mach-E,2,0.16969173,0.731288561,9,11,2,2,3,13,5,1,1,10,10,0,1
Bronco,2,1.064122223,-1.984914193,10,11,3,1,3,16,6,3,1,22,37,0,1
Bronco,2,1.999346597,-1.060290468,9,16,2,2,6,29,5,2,1,3,9,0,1
Mustang Mach-E,2,-3.721751751,-2.168024388,9,16,2,1,6,16,5,2,1,11,4,0,1
Mustang Mach-E,2,0.023577555,0.978244267,12,11,4,1,3,16,6,2,1,22,9,0,1
Mustang Mach-E,1,-2.996351189,8.69233995,9,16,2,1,7,28,5,2,1,3,45,0,2
Bronco,2,1.38825468,1.050714817,7,11,1,2,NA,29,NA,NA,NA,NA,31,NA,NA
Bronco,2,2.926631222,1.206773078,12,16,4,1,11,27,6,3,1,22,42,0,1
Bronco,2,-3.884669364,-3.706577547,5,16,1,1,7,29,4,3,1,11,25,0,2
Mustang Mach-E,2,0.673879037,0.328820559,5,15,1,2,NA,11,NA,NA,NA,NA,9,NA,NA
Mustang Mach-E,2,0.502937436,1.695393912,5,11,1,2,3,12,9,1,4,10,2,0,2
Mustang Mach-E,2,-0.039888245,-0.299701576,9,11,2,1,1,16,5,2,1,11,10,0,2
Bronco,2,2.642679645,1.512341582,11,16,4,2,NA,27,NA,NA,NA,NA,31,NA,NA
Bronco,2,-2.771309705,-3.428191651,9,14,2,1,7,28,5,3,1,22,16,0,1
Mustang Mach-E,2,0.797180332,2.210943741,11,15,4,1,NA,16,NA,NA,NA,NA,4,NA,NA
Mustang Mach-E,2,-0.15283654,0.516799346,5,16,1,2,3,23,4,2,1,20,11,0,2
Mustang Mach-E,2,0.386383635,0.576543651,8,11,2,2,1,28,3,2,1,12,4,1,2
Mustang Mach-E,2,-3.53564092,-2.168068715,5,16,1,1,3,32,4,2,1,2,45,0,2
Bronco,2,0.916256852,-0.792343,11,14,3,1,NA,13,NA,NA,NA,NA,48,NA,NA
Bronco,2,1.899257851,-1.312882819,6,11,1,1,7,15,9,3,4,8,18,0,2
Mustang Mach-E,1,-3.219602403,8.541499243,6,16,1,1,9,16,7,2,3,3,4,2,2
Mustang Mach-E,2,1.123394951,2.377527332,9,15,2,1,NA,28,NA,NA,NA,NA,42,NA,NA
Mustang Mach-E,2,0.747604606,1.908226314,12,11,4,1,NA,12,NA,NA,NA,NA,12,NA,NA
Mustang Mach-E,2,-0.006941615,-0.450985052,6,15,1,1,6,28,9,1,4,2,12,0,2
Mustang Mach-E,2,-3.405015576,-2.310833605,9,11,2,2,NA,20,NA,NA,NA,NA,22,NA,NA
Mustang Mach-E,2,0.263562784,0.551349861,NA,NA,NA,NA,4,NA,3,3,1,11,37,1,2
Mustang Mach-E,2,-3.632741921,-2.369173988,12,15,4,2,NA,20,10,2,3,22,29,0,1
Bronco,2,-3.461264103,-3.441040517,NA,NA,NA,NA,4,NA,NA,3,1,18,13,0,1
Bronco,2,1.240515959,-1.571219406,7,13,2,2,4,16,7,2,4,8,19,1,2
Mustang Mach-E,2,-0.170218836,-1.194324034,13,11,5,1,2,23,3,1,1,5,1,1,2
Mustang Mach-E,2,0.492161497,1.428557338,12,11,4,1,NA,20,NA,NA,NA,NA,51,NA,NA
Mustang Mach-E,2,0.358160659,0.457153587,7,11,1,1,1,20,2,2,1,14,21,2,2
Mustang Mach-E,2,0.917333877,1.337226406,7,16,2,1,NA,14,NA,NA,NA,NA,34,NA,NA
Mustang Mach-E,2,1.402074589,2.103402792,5,15,1,2,1,14,4,3,1,14,34,0,2
Mustang Mach-E,2,0.451353856,1.623373178,6,11,1,1,2,32,2,2,1,23,21,3,2
Mustang Mach-E,2,-4.194414754,-2.626695571,9,16,2,2,NA,12,NA,NA,NA,NA,42,NA,NA
Mustang Mach-E,2,0.427505723,0.42052291,12,11,4,2,NA,20,6,2,1,22,32,0,1
Bronco,2,2.704617167,1.371320867,13,11,4,1,3,28,6,2,1,1,42,0,1
Mustang Mach-E,2,0.32588782,-0.234056212,10,16,2,1,NA,16,NA,NA,NA,NA,4,NA,NA
Mustang Mach-E,2,1.938119174,1.66857457,13,15,4,1,6,14,6,1,1,17,4,0,2
Bronco,2,1.050276904,-1.335893688,8,13,2,1,4,15,5,2,1,17,37,0,2
Mustang Mach-E,2,-3.655678849,-2.185972289,6,16,1,1,3,14,4,4,1,14,37,0,2
Bronco,2,1.57852492,-1.301746102,10,14,3,2,NA,15,NA,NA,NA,NA,5,NA,NA
Bronco,2,0.461088527,-1.73093495,9,16,2,1,NA,33,NA,NA,NA,NA,45,NA,NA
Bronco,2,1.765791375,-1.39090517,9,11,2,1,NA,20,NA,NA,NA,NA,29,NA,NA
Mustang Mach-E,2,0.767740899,1.593750812,9,16,2,1,NA,20,NA,NA,NA,NA,9,NA,NA
Mustang Mach-E,2,0.14909406,1.134552276,11,11,4,1,1,23,6,2,1,11,4,0,1
Mustang Mach-E,2,0.520309539,0.212444682,5,11,1,1,6,16,4,2,1,10,34,0,2
Mustang Mach-E,2,0.536993848,1.294735411,9,11,2,1,9,32,5,3,1,5,20,0,1
Mustang Mach-E,2,-3.808874655,-1.389720179,7,16,2,2,1,28,2,2,1,5,42,2,2
Bronco,2,1.429624739,-0.630072767,4,15,6,1,3,11,4,3,1,18,12,0,2
Bronco,2,2.139544403,0.954398696,12,11,4,1,9,23,6,2,1,11,9,0,1
Mustang Mach-E,2,1.254216098,1.94946034,6,16,1,1,3,16,4,3,1,13,42,0,2
Mustang Mach-E,2,1.070978785,2.252066129,11,11,4,2,6,10,6,1,1,5,42,0,1
Bronco,2,1.741507732,-0.807090848,7,12,1,1,NA,16,NA,NA,NA,NA,37,NA,NA
Bronco,2,0.650897926,-2.297971325,10,14,2,1,9,28,10,3,3,22,30,0,1
Bronco,2,0.786535319,-0.879709096,11,11,4,1,7,12,6,3,1,22,26,0,1
Mustang Mach-E,2,-3.602362581,-2.105485768,4,11,1,1,9,23,9,3,2,12,47,0,2
Bronco,2,-3.553981747,-3.287589295,11,13,4,1,NA,13,NA,NA,NA,NA,3,NA,NA
Bronco,2,0.306263863,-2.501160792,10,1,3,1,3,31,6,4,1,2,10,0,1
Mustang Mach-E,2,1.200541102,2.036908076,7,11,1,2,11,16,2,2,1,11,46,1,2
Bronco,2,0.804913808,-0.829470366,11,13,4,1,NA,25,NA,NA,NA,NA,16,NA,NA
Bronco,2,-2.547143651,-3.078956592,6,14,1,2,NA,11,3,4,1,23,47,1,2
Mustang Mach-E,2,1.130067229,1.205136761,7,13,1,1,NA,15,7,1,2,23,8,1,2
Bronco,2,1.090562408,-2.178787852,11,13,4,1,9,29,10,3,3,8,30,0,2
Bronco,2,1.718525289,0.911828873,8,16,2,2,NA,14,NA,NA,NA,NA,9,NA,NA
Bronco,2,-4.225483306,-3.491671791,11,11,4,1,NA,16,NA,NA,NA,NA,10,NA,NA
Bronco,2,2.038355461,1.541814695,8,13,2,1,NA,20,NA,NA,NA,NA,29,NA,NA
Mustang Mach-E,2,0.322205581,1.475041946,11,16,4,1,9,16,6,2,1,22,34,0,1
Mustang Mach-E,2,-3.547712044,-2.234392748,6,15,1,1,11,28,9,2,2,11,4,0,2
Mustang Mach-E,2,-2.964621917,-2.821705258,7,16,1,1,NA,16,5,1,1,5,4,0,2
Mustang Mach-E,2,0.368543755,0.375534316,4,11,1,1,3,16,4,2,1,3,43,0,2
Mustang Mach-E,2,0.733047702,2.391572278,6,16,1,2,3,16,4,3,1,3,29,0,2
Bronco,2,0.266767079,-2.702010441,13,11,4,1,NA,16,NA,NA,NA,NA,41,NA,NA
Mustang Mach-E,2,1.092981879,2.260259847,7,14,2,2,NA,12,NA,NA,NA,NA,42,NA,NA
Mustang Mach-E,2,-3.235478743,-2.167215772,3,15,6,1,2,11,8,1,2,9,12,0,2
Mustang Mach-E,2,1.294205519,1.538827553,10,11,2,2,3,20,3,2,1,2,19,1,2
Bronco,2,-4.245074822,-2.925982543,6,16,1,2,6,28,2,2,1,3,42,2,2
Mustang Mach-E,2,-0.18096959,-0.834040364,7,11,2,1,11,28,3,2,1,2,9,1,2
Bronco,2,2.209554209,1.754614515,7,16,1,1,NA,29,NA,NA,NA,NA,17,NA,NA
Bronco,2,1.283541046,-1.464527855,9,15,2,1,7,16,5,3,1,3,21,0,2
Bronco,2,-4.22863433,-3.205415768,5,16,1,1,11,15,9,2,2,1,24,0,2
Mustang Mach-E,2,-3.555125694,-2.393634109,6,11,1,2,NA,28,NA,NA,NA,NA,5,NA,NA
Bronco,2,-3.675900088,-3.606654866,9,15,2,1,NA,14,NA,NA,NA,NA,22,NA,NA
Mustang Mach-E,2,-3.62850575,-2.336339266,7,11,2,1,NA,31,NA,NA,NA,NA,36,NA,NA
Mustang Mach-E,2,0.82865874,1.666632712,8,11,2,1,9,33,5,2,1,12,34,0,2
Mustang Mach-E,2,0.496076193,-0.413636815,12,11,4,1,6,12,10,2,2,5,8,0,2
Mustang Mach-E,2,-3.873565783,-2.59706916,NA,11,NA,2,NA,16,NA,NA,NA,NA,35,NA,NA
Bronco,2,0.278375192,-2.134319273,10,16,3,1,NA,12,NA,NA,NA,NA,37,NA,NA
Mustang Mach-E,2,0.661664536,1.006250904,10,11,3,1,6,16,6,2,1,23,19,0,2
Mustang Mach-E,2,0.238747859,0.36549736,4,11,1,2,2,15,1,2,1,11,35,2,2
Mustang Mach-E,2,1.092212276,1.054155622,13,16,5,2,NA,15,NA,NA,NA,NA,46,NA,NA
Mustang Mach-E,2,0.274073659,0.628804707,13,11,4,1,NA,16,NA,NA,NA,NA,21,NA,NA
Mustang Mach-E,1,-2.223918828,9.32523687,9,16,2,1,NA,30,NA,NA,NA,NA,9,NA,NA
Mustang Mach-E,2,0.042489355,0.836320863,6,11,1,2,7,31,2,2,1,3,19,1,2
Bronco,1,-3.022639806,9.116417928,10,16,2,1,3,20,10,2,3,14,13,0,1
Mustang Mach-E,2,0.336758439,1.928575847,6,16,1,1,1,14,3,2,1,4,2,1,2
Bronco,2,-3.512291238,-3.442706772,10,16,3,1,2,29,6,2,1,22,4,0,1
Mustang Mach-E,2,-0.101727152,-0.210304866,7,16,2,1,6,27,10,3,2,3,42,0,2
Mustang Mach-E,2,-0.064404368,-0.736961997,7,16,1,1,NA,15,10,2,2,12,2,0,2
Mustang Mach-E,2,0.066332571,0.958506576,9,11,2,1,7,16,5,2,1,3,9,0,2
Bronco,2,1.702619571,-0.315490816,8,16,2,1,11,20,5,2,1,22,10,0,2
Bronco,2,0.86665934,-1.843375558,11,11,4,2,7,28,6,1,1,10,12,0,1
Bronco,2,1.972939433,-1.074589305,8,16,2,1,NA,29,NA,NA,NA,NA,34,NA,NA
Bronco,2,1.012137253,-1.642471903,7,16,2,1,11,16,10,3,2,2,31,0,2
Bronco,2,0.892555452,-0.748372855,9,16,2,1,11,16,5,3,1,22,45,0,1
Bronco,2,1.552432472,-2.101025344,12,11,4,1,NA,29,NA,NA,NA,NA,42,NA,NA
Bronco,2,1.085922662,-1.852785486,4,16,1,1,7,29,9,3,2,5,28,0,2
Mustang Mach-E,2,0.428439803,1.539019855,8,11,2,1,11,28,3,2,1,11,9,1,2
Bronco,2,0.048581386,-1.474908416,7,16,2,2,9,16,3,2,1,11,31,1,2
Mustang Mach-E,2,-0.172217945,0.054469856,7,11,2,1,NA,16,NA,NA,NA,NA,12,NA,NA
Mustang Mach-E,2,0.864050516,2.378202529,7,16,1,1,NA,28,NA,NA,NA,NA,43,NA,NA
Bronco,2,0.809815021,0.373382972,5,15,1,2,NA,15,NA,NA,NA,NA,42,NA,NA
Mustang Mach-E,2,1.115271357,1.6905865,2,16,6,1,7,27,8,3,2,4,21,0,2
Mustang Mach-E,2,0.07251762,1.009893527,7,16,2,1,1,16,5,2,1,8,34,0,2
Bronco,2,1.600260772,0.186553519,5,16,1,1,1,28,2,3,1,14,31,1,2
GX550,2,-4.450481412,-2.903137841,5,16,1,2,NA,29,NA,NA,NA,NA,18,NA,NA
GX550,2,1.974793704,-1.866395319,6,16,1,1,1,28,2,2,1,3,8,2,2
GX550,2,-4.610549757,-3.239478697,9,16,2,2,NA,16,NA,NA,NA,NA,10,NA,NA
Land Cruiser Hybrid,2,2.023555942,-2.3023715,4,11,1,1,7,14,1,2,1,11,34,1,2
GX550,2,2.538139345,-1.846791776,11,16,4,2,11,28,6,3,1,22,10,0,1
Land Cruiser Hybrid,2,2.782099714,0.691166763,13,13,4,1,11,26,10,3,3,22,18,0,2
Land Cruiser Hybrid,2,2.92989573,0.654110724,9,11,2,2,2,29,5,2,1,22,14,0,1
GX550,2,3.27351507,1.026053573,11,11,4,1,6,13,6,2,1,22,48,0,1
Land Cruiser Hybrid,1,-2.42932922,9.409575217,6,14,1,2,3,16,9,3,3,8,46,0,1
Land Cruiser Hybrid,2,2.837502194,1.087117872,8,11,2,2,NA,15,NA,NA,NA,NA,32,NA,NA
Land Cruiser Hybrid,2,-4.475567403,-3.074739636,12,11,4,1,NA,23,NA,NA,NA,NA,10,NA,NA
Land Cruiser Hybrid,1,-2.879663391,9.13358302,11,16,3,1,2,14,10,3,3,22,20,0,1
Land Cruiser Hybrid,2,2.904673298,0.976425115,6,11,1,1,NA,28,NA,NA,NA,NA,46,NA,NA
Land Cruiser Hybrid,2,1.754539513,-1.995979496,9,16,2,1,3,20,5,2,1,12,29,0,2
Land Cruiser Hybrid,2,2.983069604,0.952781356,7,16,2,2,4,30,3,2,1,5,42,1,2
GX550,2,2.367326497,-2.130620336,5,11,1,2,NA,28,NA,NA,NA,NA,42,NA,NA
Land Cruiser Hybrid,2,0.609467829,-2.698385273,8,11,2,1,6,15,3,2,1,1,9,1,2
GX550,2,2.990926763,0.31397592,7,16,1,2,NA,23,NA,NA,NA,NA,3,NA,NA
Land Cruiser Hybrid,2,2.683091635,-1.613150441,10,11,2,1,5,23,10,1,2,11,19,0,2
GX550,2,-4.361232315,-2.878318207,5,11,1,1,3,29,4,2,1,23,2,0,2
GX550,2,3.490827347,0.309685772,4,11,6,2,5,28,4,2,1,11,20,0,2
GX550,1,-2.840283129,9.221754381,10,15,3,1,NA,20,10,3,4,23,13,0,1
Land Cruiser Hybrid,2,2.281853834,-0.781832233,13,11,4,1,NA,14,NA,NA,NA,NA,3,NA,NA
Land Cruiser Hybrid,2,2.747274555,-0.782992286,7,16,2,1,NA,29,NA,NA,NA,NA,31,NA,NA
Land Cruiser Hybrid,2,2.663319712,1.560796924,10,15,3,1,NA,20,NA,NA,NA,NA,10,NA,NA
GX550,2,1.469592874,-1.98005851,6,11,1,2,NA,32,NA,NA,NA,NA,4,NA,NA
Land Cruiser Hybrid,2,1.492883555,-2.680875762,11,16,4,1,NA,13,NA,NA,NA,NA,3,NA,NA
4Runner,2,2.838145337,1.216301351,11,15,4,2,7,20,6,3,1,22,2,0,1
GX550,2,3.093836456,0.777318641,12,12,4,1,2,16,6,3,1,22,32,0,1
GX550,2,-3.176643097,-3.495574607,11,16,4,1,2,29,6,2,1,22,2,0,1
Land Cruiser Hybrid,2,1.77275524,-2.23961784,NA,16,NA,NA,NA,30,NA,NA,NA,NA,9,NA,NA
Land Cruiser Hybrid,2,2.066671213,-2.114544233,8,14,2,2,NA,14,5,2,1,5,5,0,2
GX550,2,2.862607031,1.425245252,5,11,1,1,1,16,4,2,1,3,19,0,2
Land Cruiser Hybrid,2,2.253511567,-1.447816062,10,14,3,1,NA,16,NA,NA,NA,NA,32,NA,NA
Land Cruiser Hybrid,2,2.269958332,-2.108639956,12,11,4,1,3,20,6,3,1,3,16,0,1
Land Cruiser Hybrid,2,2.620429382,0.362491878,11,15,4,2,NA,20,NA,NA,NA,NA,10,NA,NA
Land Cruiser Hybrid,2,2.083709129,-1.877204289,10,14,3,2,7,11,6,3,1,22,18,0,1
Land Cruiser Hybrid,2,1.876560906,-1.408266656,8,16,2,2,1,16,5,4,1,10,35,0,1
GX550,2,3.295847215,0.488385044,6,11,1,1,4,33,1,1,1,12,3,2,2
Land Cruiser Hybrid,2,2.745959857,-0.111013102,7,16,1,1,2,30,2,2,1,23,10,2,2
Land Cruiser Hybrid,2,1.10062438,-2.503233939,5,13,1,1,NA,16,NA,NA,NA,NA,16,NA,NA
GX550,2,2.014699148,-1.587570798,11,16,4,2,NA,20,NA,NA,NA,NA,42,NA,NA
GX550,2,-3.32296281,-3.60719617,11,16,4,1,NA,28,NA,NA,NA,NA,40,NA,NA
GX550,1,-2.726908048,8.869685917,9,15,2,1,11,12,5,2,1,7,18,0,2
GX550,2,2.596501395,-1.486801996,6,16,1,1,NA,23,NA,NA,NA,NA,42,NA,NA
Land Cruiser Hybrid,2,2.957891238,0.056072768,11,16,4,1,NA,16,NA,NA,NA,NA,31,NA,NA
Land Cruiser Hybrid,2,1.531258602,-1.295961842,10,16,3,2,1,28,6,2,1,3,42,0,1
GX550,2,1.033101487,0.34443215,7,13,1,2,6,12,10,3,4,3,23,0,2
GX550,2,2.614927278,-1.020236654,8,11,2,2,NA,23,NA,NA,NA,NA,34,NA,NA
GX550,2,-4.48487013,-2.835737118,9,12,2,1,NA,23,NA,NA,NA,NA,16,NA,NA
Land Cruiser Hybrid,2,0.790800759,-2.35794654,12,13,4,1,NA,20,NA,NA,NA,NA,42,NA,NA
GX550,2,2.228432904,-2.028525632,8,16,2,1,3,23,3,3,1,2,46,1,2
Land Cruiser Hybrid,1,-2.711579605,9.372705488,10,11,3,2,11,32,6,3,1,2,34,0,1
GX550,2,3.082833591,0.835654982,8,11,2,2,NA,29,NA,NA,NA,NA,41,NA,NA
Land Cruiser Hybrid,2,2.737279649,0.623490873,11,16,4,1,NA,29,NA,NA,NA,NA,37,NA,NA
GX550,2,3.201394513,0.20100955,9,16,2,2,3,23,5,3,1,22,30,0,1
GX550,2,-4.397688746,-2.899895314,6,16,1,2,9,13,7,2,3,12,4,3,2
GX550,2,3.279639321,1.017834415,10,12,3,2,NA,23,NA,NA,NA,NA,13,NA,NA
GX550,2,1.255060254,-2.190748828,7,11,2,1,NA,31,NA,NA,NA,NA,4,NA,NA
Land Cruiser Hybrid,2,3.019596758,-0.417581232,10,14,2,1,NA,11,NA,NA,NA,NA,13,NA,NA
Land Cruiser Hybrid,2,0.36943139,-1.924875412,7,12,2,2,NA,20,NA,NA,NA,NA,13,NA,NA
GX550,2,-3.018211148,-3.601933257,12,16,4,1,NA,23,NA,NA,NA,NA,41,NA,NA
Land Cruiser Hybrid,2,2.860883605,-0.56663491,5,11,1,2,2,16,4,3,1,12,4,0,2
GX550,2,2.737085145,-1.807196301,5,11,1,2,11,23,4,2,1,5,5,0,2
GX550,2,-3.169263895,-3.456018068,NA,NA,NA,NA,1,NA,NA,3,1,22,22,0,2
Land Cruiser Hybrid,2,-4.41266579,-3.541263249,10,16,3,1,1,28,6,2,1,23,4,0,2
GX550,2,3.385899375,1.145194181,NA,11,NA,1,11,20,NA,2,1,22,20,0,1
GX550,2,2.338436493,-2.052901598,6,11,1,2,2,29,3,3,1,5,30,2,2
GX550,2,2.469359483,-1.884167879,11,16,4,1,NA,14,NA,NA,NA,NA,24,NA,NA
Land Cruiser Hybrid,2,2.759336705,-0.73952239,11,11,4,1,11,20,6,2,1,14,46,0,1
GX550,2,3.462124006,0.712898212,10,11,2,1,1,23,10,1,4,5,34,0,2
GX550,2,3.551615969,0.998938928,7,16,1,2,3,23,5,1,1,5,2,0,2
Land Cruiser Hybrid,2,0.833189508,-2.75078706,6,16,1,1,NA,16,NA,NA,NA,NA,32,NA,NA
Land Cruiser Hybrid,2,2.584286085,-0.590543225,12,11,4,1,NA,20,NA,NA,NA,NA,17,NA,NA
GX550,2,2.3806578,-1.917663122,6,16,1,1,2,30,1,2,1,7,9,2,2
Land Cruiser Hybrid,2,1.034822273,0.127138469,8,11,2,1,4,15,10,3,3,12,32,0,2
GX550,2,2.309236284,-1.930466505,4,16,6,2,2,28,1,2,1,11,4,2,2
4Runner,1,-3.009852736,9.17934518,12,14,4,1,2,20,6,2,1,22,37,0,1
GX550,1,-2.322244563,9.163865391,8,11,2,1,3,30,5,2,1,3,50,0,2
GX550,2,3.006794782,-0.222069609,8,16,2,2,3,15,5,2,1,5,43,0,1
GX550,2,1.351054566,-2.686478406,12,11,4,1,NA,12,NA,NA,NA,NA,12,NA,NA
GX550,2,-4.340026525,-2.964405682,11,11,4,1,4,23,6,2,1,22,29,0,1
Land Cruiser Hybrid,2,0.771655082,-2.822047972,8,11,2,1,7,23,5,2,1,23,2,0,2
Land Cruiser Hybrid,2,2.74479308,1.094066478,10,13,2,2,7,15,6,4,1,22,34,0,1
GX550,2,1.65637285,-2.269400795,5,16,1,2,NA,31,NA,NA,NA,NA,42,NA,NA
GX550,2,3.327986386,1.143156775,9,16,2,2,NA,20,NA,NA,NA,NA,35,NA,NA
GX550,2,2.973502792,0.474795495,10,14,3,1,2,31,6,4,1,13,50,0,1
Land Cruiser Hybrid,2,-3.879384888,-3.187947446,7,15,2,1,3,14,3,1,1,7,4,1,2
GX550,2,2.419289891,-0.640152962,7,16,2,1,NA,29,NA,NA,NA,NA,42,NA,NA
GX550,2,-3.098248466,-3.672053079,7,16,2,1,7,30,2,2,1,5,2,2,2
GX550,2,2.284837813,-1.942520491,10,16,3,2,6,33,6,3,1,5,1,0,1
Land Cruiser Hybrid,2,2.384331187,0.261837913,8,16,2,1,NA,28,NA,NA,NA,NA,19,NA,NA
GX550,1,-2.760454826,9.27648599,5,16,1,2,NA,15,7,2,3,12,42,1,2
Land Cruiser Hybrid,2,2.606305012,0.461396854,8,11,2,1,NA,31,NA,NA,NA,NA,20,NA,NA
Land Cruiser Hybrid,2,1.182372669,-2.555102632,8,16,2,2,NA,23,NA,NA,NA,NA,2,NA,NA
GX550,2,2.29675197,-2.229452565,7,11,1,1,NA,33,NA,NA,NA,NA,2,NA,NA
GX550,2,3.407759966,0.712317124,12,11,4,2,11,16,6,1,1,22,9,0,1
Land Cruiser Hybrid,2,1.647501675,-2.4249209,10,16,3,1,NA,14,10,2,2,22,35,0,2
GX550,2,2.333549473,-2.185870495,4,16,1,1,5,16,1,1,1,5,41,2,2
Land Cruiser Hybrid,2,0.460578648,-2.80163282,11,16,4,1,6,13,6,3,1,22,46,0,1
GX550,2,-2.931030776,-3.256244201,7,13,2,2,NA,13,10,1,2,9,13,0,1
4Runner,2,3.041044643,0.599224574,7,15,2,2,NA,15,NA,NA,NA,NA,13,NA,NA
GX550,2,2.850894898,-1.089947303,9,16,2,2,1,23,5,3,1,23,13,0,1
GX550,2,2.678259529,-1.79073194,6,11,1,2,1,23,7,3,4,10,3,1,2
Land Cruiser Hybrid,2,2.397975335,-1.807136124,9,13,2,2,NA,14,NA,NA,NA,NA,31,NA,NA
Land Cruiser Hybrid,2,-3.890535329,-3.237498699,6,11,1,1,NA,29,NA,NA,NA,NA,42,NA,NA
GX550,2,2.953903073,-0.944956173,NA,11,NA,1,2,20,NA,1,1,22,42,0,1
Land Cruiser Hybrid,2,-3.296034685,-3.53440178,9,11,2,1,3,23,5,1,1,5,4,0,1
4Runner,2,2.953970357,1.268762422,7,16,1,2,NA,29,NA,NA,NA,NA,19,NA,NA
GX550,2,2.263132805,-1.91209431,10,16,2,1,11,29,6,2,1,3,12,0,2
Land Cruiser Hybrid,2,2.226190217,-1.853986603,7,16,2,1,NA,14,NA,NA,NA,NA,31,NA,NA
Land Cruiser Hybrid,2,2.603385321,-1.002300127,12,16,4,1,NA,20,NA,NA,NA,NA,44,NA,NA
GX550,2,3.594446792,0.750763222,10,16,2,2,4,28,6,2,1,12,42,0,1
GX550,2,2.420352555,-1.73726783,9,11,2,1,NA,23,NA,NA,NA,NA,42,NA,NA
GX550,2,-2.891060463,-3.392062706,10,13,3,1,7,20,6,4,1,22,37,0,1
GX550,2,3.35732809,0.44758682,6,11,1,2,NA,20,NA,NA,NA,NA,10,NA,NA
GX550,2,3.247403243,0.551527857,8,11,2,1,7,16,2,3,1,5,19,3,2
GX550,2,3.71798523,0.748473205,5,13,1,2,4,16,4,2,1,5,42,0,2
GX550,2,-4.512519638,-2.960056244,9,15,2,1,NA,28,NA,NA,NA,NA,42,NA,NA
Land Cruiser Hybrid,2,0.935326781,-2.697039361,7,14,2,2,NA,16,NA,NA,NA,NA,42,NA,NA
4Runner,2,3.079150709,1.033317059,12,11,4,1,NA,16,NA,NA,NA,NA,31,NA,NA
Land Cruiser Hybrid,2,-2.901379185,-3.022018496,8,11,2,1,4,16,2,2,1,11,45,2,2
Land Cruiser Hybrid,2,0.353131187,-2.726052315,6,16,1,1,6,15,2,2,1,7,4,2,2
Land Cruiser Hybrid,2,-3.128942945,-3.385032561,NA,12,NA,NA,NA,20,NA,NA,NA,NA,35,NA,NA
GX550,2,-4.171880006,-3.060453453,8,16,2,2,NA,20,1,2,1,23,31,1,2
GX550,2,3.265960569,1.29344841,9,16,2,2,NA,15,NA,NA,NA,NA,32,NA,NA
GX550,2,2.306393208,-2.034184596,6,11,1,1,NA,30,NA,NA,NA,NA,4,NA,NA
Land Cruiser Hybrid,2,2.411337879,-1.680932782,9,16,2,2,4,14,10,2,3,12,9,0,2
Land Cruiser Hybrid,1,-2.866769348,9.118495882,8,12,2,1,NA,13,NA,NA,NA,NA,13,NA,NA
GX550,2,2.471458431,-1.988927554,6,11,1,2,6,16,4,2,1,3,9,0,2
GX550,2,1.747690348,-2.313439335,10,16,2,1,2,20,6,2,1,9,16,0,2
GX550,2,3.127260814,0.436256687,8,11,2,2,NA,33,NA,NA,NA,NA,41,NA,NA
GX550,2,-3.148743225,-3.61471558,9,12,2,2,NA,31,NA,NA,NA,NA,45,NA,NA
Land Cruiser Hybrid,2,2.389075164,-1.126947391,11,11,3,1,7,15,6,3,1,22,26,0,1
Land Cruiser Hybrid,2,-3.241742886,-3.301657863,8,11,2,2,3,28,5,4,1,12,34,0,1
GX550,1,-2.918940015,9.239066358,10,16,3,2,1,29,10,2,3,5,13,0,1
GX550,2,0.558640997,-2.595364764,5,11,1,1,NA,29,NA,NA,NA,NA,24,NA,NA
Land Cruiser Hybrid,2,1.825723245,-2.213576094,10,11,3,1,11,20,6,3,1,22,42,0,2
GX550,2,2.71469052,-1.928216186,9,11,2,2,11,30,5,2,1,5,19,0,2
GX550,2,2.549175039,-0.597146249,5,16,1,1,2,28,1,2,1,11,37,2,2
Land Cruiser Hybrid,2,2.742254588,-1.691847191,10,16,3,1,4,16,6,3,1,3,37,0,1
Land Cruiser Hybrid,2,2.979234678,0.142145309,9,13,2,2,NA,16,NA,NA,NA,NA,2,NA,NA
GX550,2,3.207165353,1.153466165,11,16,3,1,1,14,6,1,1,22,27,0,2
Land Cruiser Hybrid,2,-3.648229594,-3.768942789,8,14,2,1,7,12,10,4,3,22,31,0,1
GX550,2,3.750700731,0.752187649,5,11,1,2,11,23,9,1,2,2,32,0,2
GX550,2,-4.175510833,-3.364137658,5,16,1,2,1,15,2,2,1,12,4,2,2
Land Cruiser Hybrid,2,2.928952823,-0.30115257,8,16,2,2,NA,16,NA,NA,NA,NA,4,NA,NA
Land Cruiser Hybrid,2,2.478521452,-1.765089374,NA,12,NA,3,NA,20,NA,NA,NA,NA,9,NA,NA
GX550,2,2.722518832,-0.572392012,11,16,4,1,NA,29,NA,NA,NA,NA,42,NA,NA
GX550,2,3.568758456,1.040542353,11,16,4,2,3,23,6,2,1,5,39,0,1
GX550,2,2.352528311,1.293651795,10,11,3,2,NA,NA,NA,NA,NA,NA,4,NA,NA
Land Cruiser Hybrid,2,1.839249155,-2.236816236,12,15,4,1,3,20,6,3,1,22,42,0,1
4Runner,2,2.2205245,-1.182179371,13,16,4,2,1,14,10,2,3,22,24,0,1
Land Cruiser Hybrid,1,-2.281831747,9.029337924,12,16,4,1,3,13,6,2,1,22,10,0,1
GX550,2,2.74490593,-1.38877065,8,15,2,1,NA,29,NA,NA,NA,NA,42,NA,NA
GX550,2,2.207149557,-2.210830247,6,15,1,1,9,30,2,2,1,5,31,3,2
Land Cruiser Hybrid,2,2.840011714,-0.772428735,12,11,4,1,NA,28,6,3,1,22,20,0,2
GX550,2,2.675450729,-1.786676183,10,13,3,1,1,28,6,3,1,9,39,0,1
GX550,2,3.1748569,0.189016337,7,13,2,1,11,29,3,2,1,8,4,1,2
Land Cruiser Hybrid,2,1.300592445,-2.745597553,NA,13,NA,NA,NA,28,NA,NA,NA,NA,10,NA,NA
GX550,2,3.005206527,-0.693048896,10,16,2,1,NA,20,NA,NA,NA,NA,37,NA,NA
Land Cruiser Hybrid,2,2.90659951,-0.659280439,8,13,2,2,1,28,10,2,2,11,42,0,1
GX550,2,2.145827373,-2.140504382,12,16,4,1,NA,16,NA,NA,NA,NA,4,NA,NA
Land Cruiser Hybrid,2,1.312589167,-2.62989714,9,15,2,1,3,28,5,3,1,11,46,0,1
GX550,1,-2.840928655,8.63628265,7,11,1,1,9,23,10,1,2,12,41,0,2
Land Cruiser Hybrid,2,0.485025089,-2.628564122,11,NA,3,NA,NA,NA,NA,NA,NA,NA,44,NA,NA
Land Cruiser Hybrid,2,0.288087321,-1.467102122,7,11,2,1,9,32,5,1,1,11,12,0,2
Land Cruiser Hybrid,2,-3.533679633,-3.745672959,7,13,1,1,NA,29,NA,NA,NA,NA,5,NA,NA
GX550,1,-2.326974054,9.302194483,6,11,1,1,NA,31,NA,NA,NA,NA,12,NA,NA
GX550,2,0.842628935,-2.355344789,13,11,4,1,NA,20,NA,NA,NA,NA,42,NA,NA
Mustang Mach-E,2,1.14918093,2.455494761,7,11,2,1,NA,29,NA,NA,NA,NA,32,NA,NA
Mustang Mach-E,2,-3.795122318,-2.469734327,4,11,1,1,7,29,4,3,1,3,20,0,2
Mustang Mach-E,2,0.625617623,1.268775627,8,13,2,1,NA,15,10,2,4,3,4,0,2
Mustang Mach-E,2,-0.02211669,0.384181983,10,11,3,2,1,15,6,3,1,12,4,0,2
Mustang Mach-E,2,1.068486441,2.219314719,9,16,2,1,6,16,10,4,3,12,32,0,1
Mustang Mach-E,2,1.076208251,2.543057536,4,15,1,1,3,11,9,2,4,23,9,0,2
Mustang Mach-E,2,0.303658587,0.34119361,4,15,6,1,2,30,9,3,2,8,4,0,2
Mustang Mach-E,2,0.005336835,1.018336167,8,13,2,1,NA,28,NA,NA,NA,NA,29,NA,NA
Mustang Mach-E,2,0.515434236,0.886125018,9,16,2,1,2,28,5,2,1,3,19,0,2
Mustang Mach-E,2,0.309022446,0.424181585,8,11,2,1,1,30,5,2,1,3,4,0,2
Mustang Mach-E,2,0.705088248,1.477942502,7,13,2,1,2,31,5,1,1,2,41,0,2
Mustang Mach-E,2,-0.154973601,0.106239964,6,15,1,1,1,16,2,3,1,14,9,1,2
Mustang Mach-E,2,-0.139538111,0.072865361,8,11,2,1,1,23,3,2,1,2,4,1,2
Mustang Mach-E,2,0.587705635,1.830077815,10,15,3,1,6,16,6,2,1,22,31,0,1
Mustang Mach-E,2,0.452349302,0.554620587,4,11,6,2,7,15,4,3,1,12,25,0,2
Mustang Mach-E,2,0.33350921,1.113169011,10,11,3,1,NA,23,NA,NA,NA,NA,42,NA,NA
Mustang Mach-E,2,1.54592021,1.667345316,10,15,3,2,9,20,6,2,1,6,21,0,2
Mustang Mach-E,2,0.873135305,1.702420811,7,16,2,1,9,16,2,2,1,13,12,1,2
Mustang Mach-E,2,-0.144231525,-0.143726206,10,16,3,1,6,28,6,2,1,5,37,0,1
Mustang Mach-E,2,-3.735921338,-2.16313863,5,16,1,1,1,29,4,2,1,14,42,0,2
Mustang Mach-E,2,0.629644534,0.95399718,3,16,6,1,9,16,4,1,1,9,42,0,2
Mustang Mach-E,2,-3.770561192,-2.410175814,7,16,1,2,6,15,2,2,1,4,39,3,2
Mustang Mach-E,2,-3.51352182,-2.586846977,5,14,1,2,2,14,2,2,1,12,14,3,2
Mustang Mach-E,2,-0.129849093,0.959701221,2,16,6,2,9,27,7,2,2,10,12,1,2
Mustang Mach-E,2,-0.08621176,1.027804446,6,16,1,1,5,23,2,2,1,14,43,2,2
Mustang Mach-E,2,-3.390270135,-2.418077237,9,16,2,1,6,20,5,2,1,2,29,0,2
Mustang Mach-E,2,-0.111958351,-1.086969801,10,11,3,1,2,16,6,3,1,23,29,0,2
Mustang Mach-E,2,0.320073694,-0.816490824,11,16,3,1,6,33,6,2,1,22,21,0,1
Model Y,1,-2.329656786,9.348953432,3,11,6,1,2,15,8,1,2,4,2,0,2
Model Y,2,-1.883547006,-0.619742805,13,15,5,1,NA,11,NA,NA,NA,NA,34,NA,NA
Defender 110,2,1.446491234,-2.500932675,10,16,2,2,7,20,6,3,1,22,9,0,1
Model Y,2,-2.008854911,-0.44341965,6,16,1,1,9,29,2,2,1,2,10,1,2
Model Y,2,-3.061534731,-1.197054681,10,16,3,1,NA,20,6,2,1,2,42,0,1
Model Y,2,-1.888399429,-0.562617866,8,16,2,1,2,16,10,1,3,9,29,0,2
Model Y,2,-1.987654156,-0.067743891,8,11,2,1,6,30,3,2,1,3,45,2,2
Model Y,2,-2.12917504,-0.28552646,5,13,1,1,3,13,1,1,1,3,2,4,2
R1S,2,-1.34034734,-0.36344879,7,11,2,1,5,32,2,1,1,23,32,2,2
R1S,2,-3.581233171,-3.081544933,13,11,5,1,7,20,10,2,4,22,2,0,1
Model Y,2,-1.957704111,-0.134732463,13,13,5,1,6,10,6,2,1,22,41,0,1
R1S,2,-3.314939796,-2.855295928,9,NA,2,NA,11,NA,5,4,1,22,5,0,2
Model Y,2,-1.806374528,-0.705022495,4,11,1,2,2,13,4,2,1,12,2,0,2
R1S,2,-0.931166156,-0.846030454,9,11,2,2,2,33,5,2,1,2,45,0,1
Model Y,2,-1.565074035,-0.019295775,13,16,5,1,4,11,10,3,3,22,9,0,1
Model Y,2,-1.986358307,0.103749533,4,11,1,1,NA,23,NA,NA,NA,NA,14,NA,NA
R1S,2,-1.37968238,-0.330490023,4,11,1,1,3,30,4,2,1,2,10,0,2
Model Y,2,-2.891215079,-1.375842696,13,11,4,1,NA,16,NA,NA,NA,NA,45,NA,NA
R1S,2,-1.248375365,-0.587740725,7,11,1,1,7,31,2,2,1,2,43,3,2
Model Y,2,-2.200708636,-0.129628805,13,11,5,1,NA,13,NA,NA,NA,NA,10,NA,NA
Model Y,2,-1.954970823,0.456475267,5,16,1,2,2,16,1,1,1,5,32,2,2
Model Y,2,-1.82300653,-0.782262895,4,16,1,2,NA,15,NA,NA,NA,NA,10,NA,NA
R1S,2,-0.939802983,-0.23059368,4,16,1,1,NA,16,4,2,1,12,9,0,2
Model Y,2,-1.744527125,-0.165052138,12,11,4,1,2,16,6,2,1,22,34,0,1
Model Y,2,-2.032331947,0.01955711,6,16,1,1,6,14,3,2,1,2,34,3,2
R1S,2,-1.18256777,-0.487211342,7,11,2,1,NA,23,NA,NA,NA,NA,9,NA,NA
R1S,2,-1.119413915,-0.434583144,7,15,2,1,11,16,2,1,1,3,2,2,2
Model Y,2,-2.929261192,-1.178331939,NA,11,NA,1,11,16,NA,2,1,22,9,0,2
R1S,1,-2.554539155,9.243547817,6,11,1,1,1,33,1,1,1,10,43,1,2
R1S,2,-1.271094963,-0.466930775,11,16,3,1,1,16,6,3,1,22,21,0,1
Model Y,2,-1.967016325,0.43768544,8,16,2,1,NA,30,NA,NA,NA,NA,9,NA,NA
R1S,2,-4.227531597,-2.454761564,9,11,2,1,3,31,3,2,1,12,21,2,2
Model Y,2,-1.93455471,-0.339395275,7,16,1,2,NA,16,NA,NA,NA,NA,13,NA,NA
Model Y,2,-2.115813227,-0.029059681,11,11,4,2,7,11,6,3,1,22,38,0,1
R1S,2,-1.172875718,-0.590978783,4,11,1,2,1,30,1,2,1,23,9,3,2
R1S,2,-1.141692244,-0.522365941,7,16,2,1,NA,20,2,2,1,14,34,2,2
Model Y,1,-2.264890673,9.294760789,13,11,4,1,7,16,6,2,1,22,9,0,2
Model Y,2,-1.83173311,0.581585511,6,16,1,2,NA,15,NA,NA,NA,NA,9,NA,NA
R1S,2,-1.282708929,-0.373177672,11,13,3,1,3,20,6,2,1,5,48,0,1
Model Y,2,-2.991971265,-1.193937387,4,15,6,2,NA,24,NA,NA,NA,NA,21,NA,NA
Model Y,2,-3.657140292,-1.352751309,6,11,1,1,2,30,1,3,1,3,20,4,2
Model Y,2,-2.008411822,0.434563546,13,14,4,1,9,15,10,2,4,22,9,0,1
Model Y,2,-1.714683388,0.679318816,8,16,2,1,1,16,3,1,1,14,2,1,2
Model Y,2,-3.11404164,-1.514375986,8,11,2,1,3,15,5,3,1,3,39,0,2
R1S,2,-4.338620481,-2.829767599,7,11,2,1,3,29,2,2,1,3,45,3,2
Model Y,2,-1.932132655,-0.136186186,8,16,2,1,1,16,5,2,1,14,5,0,1
R1S,2,-3.041628481,-2.706825718,5,16,1,1,11,23,4,2,1,5,42,0,2
Model Y,2,-1.9295816,0.396084443,9,16,2,1,NA,30,NA,NA,NA,NA,26,NA,NA
Model Y,2,-2.788435016,-1.163639615,8,11,2,1,3,29,10,1,3,12,9,0,2
Model Y,2,-1.698070874,-0.549253701,7,11,1,2,NA,29,NA,NA,NA,NA,5,NA,NA
Model Y,2,-2.007438831,0.381692028,11,16,4,1,2,14,6,3,1,2,10,0,1
Defender 110,2,1.353914079,-2.600177229,9,16,2,2,NA,33,NA,NA,NA,NA,29,NA,NA
Model Y,2,-2.894420462,-0.896884833,5,16,1,1,6,14,1,2,1,5,33,4,2
R1S,2,-1.16900141,-0.300851412,6,11,1,1,6,32,2,1,1,2,9,1,2
Model Y,2,-2.915771276,-0.980849797,8,15,2,1,NA,14,10,2,2,7,1,0,1
Model Y,1,-2.19386272,9.149732871,12,11,4,1,3,29,6,1,1,22,9,0,1
Model Y,2,-2.015747901,0.331206648,4,16,1,1,1,28,4,3,1,14,20,0,2
Model Y,2,-1.997393081,0.560155701,13,11,4,2,1,15,6,2,1,10,32,0,1
R1S,2,-1.211331525,-0.423646554,6,11,1,2,7,23,3,2,1,23,9,2,2
Model Y,2,-2.752792599,-1.077853885,7,12,1,2,NA,20,NA,NA,NA,NA,10,NA,NA
Model Y,2,-1.989474005,0.459535097,9,16,2,1,3,14,5,2,1,2,13,0,1
Model Y,2,-2.027257226,0.331531645,7,11,2,1,2,16,1,2,1,2,34,4,2
R1S,2,-1.263491858,-0.395466358,10,16,3,1,3,15,6,2,1,23,45,0,1
Model Y,2,-2.930091774,-1.100753728,11,16,4,1,NA,16,NA,NA,NA,NA,20,NA,NA
Model Y,2,-2.858382481,-1.460190418,9,16,2,2,3,14,10,2,4,3,10,0,1
Land Cruiser Hybrid,2,2.932355936,-0.526098011,10,13,3,2,NA,29,NA,NA,NA,NA,9,NA,NA
Wrangler,2,-0.0261061,-2.235398771,12,15,4,1,NA,15,NA,NA,NA,NA,9,NA,NA
Wrangler,1,-2.725404114,9.359213886,8,13,2,1,7,25,5,3,1,18,34,0,2
Wrangler,2,0.006058394,-2.215559312,6,15,1,1,NA,11,NA,NA,NA,NA,8,NA,NA
Wrangler,2,0.063782734,-1.842494768,8,16,2,2,5,31,5,4,1,22,48,0,2
Wrangler,2,0.142819088,-2.083686765,11,14,3,1,NA,16,NA,NA,NA,NA,42,NA,NA
Wrangler,2,0.577343704,-2.106400779,11,11,3,2,NA,13,10,3,3,5,19,0,2
Wrangler,2,0.001993449,-2.136939835,NA,NA,NA,NA,NA,NA,NA,NA,NA,NA,9,NA,NA
Wrangler,2,-0.080990935,-2.306544761,5,11,1,1,3,13,4,3,1,10,42,0,2
